filename, 6-1-1-1_Endo-Peritoneum, 6-1-1-2_Endo-Ovar, 6-1-1-3_Endo-TIE, 6-1-1-4_Endo-Uterus
c_42_v_-video_1323-mp4-_f_183_jpg.rf.f09b76b083dd1b48907ecddd170fc8ac.jpg, 0, 0, 1, 0
c_19_v_-video_507-mp4-_f_2389_jpg.rf.f0a878b94a84ccecac71f38acffbbe6b.jpg, 1, 0, 0, 0
c_93_v_-video_2824-mp4-_f_283_jpg.rf.f2070e827098e529fcaca84d5459f2db.jpg, 1, 0, 0, 0
c_178_v_-video_5419-mp4-_f_794_jpg.rf.eb8cd270b2cc858b87d25e4fe2d295c8.jpg, 1, 0, 0, 0
c_102_v_-video_3124-mp4-_f_97_jpg.rf.ec3f1a73d485180ed1c1e75a3e67dd9a.jpg, 1, 0, 0, 0
c_99_v_-video_3006-mp4-_f_102_jpg.rf.ef9ec27812ce923097aecf502cf56251.jpg, 0, 0, 1, 0
c_21_v_-video_607-mp4-_f_46_jpg.rf.f192af10deaa5f6976fcf2d983efd437.jpg, 0, 0, 0, 1
c_77_v_-video_2376-mp4-_f_817_jpg.rf.eaf73428be0a65ae148553a5b66b1df2.jpg, 1, 0, 0, 0
c_41_v_-video_1297-mp4-_f_826_jpg.rf.f2a843d5a3e97bf15b0cad61c8f94518.jpg, 1, 0, 0, 0
c_61_v_-video_1990-mp4-_f_194_jpg.rf.eb08bdb315b0ae194c6e579884080467.jpg, 0, 1, 0, 0
c_24_v_-video_704-mp4-_f_198_jpg.rf.eb0be45a50831f56ea0250448ca08642.jpg, 0, 0, 1, 0
c_50_v_-video_1589-mp4-_f_220_jpg.rf.ed7f578eb86e1fa63974174f5e5252d6.jpg, 0, 0, 1, 0
c_4_v_-video_48-mp4-_f_402_jpg.rf.ec91c07d5d90cc8af9ff004a1cd7e543.jpg, 1, 0, 0, 0
c_10_v_-video_184-mp4-_f_22_jpg.rf.f1545838f11768dd7153ed32dbd16578.jpg, 1, 0, 0, 0
c_7_v_-video_130-mp4-_f_411_jpg.rf.ecc4a341bf11cafd9060c809b5337c77.jpg, 1, 0, 0, 0
c_60_v_-video_1945-mp4-_f_366_jpg.rf.eb3c74f3d845d4df552e54627719c5ed.jpg, 0, 1, 0, 0
c_93_v_-video_2824-mp4-_f_383_jpg.rf.ec7cf27ac475d7e0e97de8360d15f5d7.jpg, 1, 0, 0, 0
c_34_v_-video_1099-mp4-_f_261_jpg.rf.f2bfbe688355c49dc38c1349a4f36910.jpg, 1, 0, 0, 0
c_82_v_-video_2507-mp4-_f_2154_jpg.rf.f0723b2ce43dead27fb23b5eddfea89e.jpg, 1, 0, 0, 0
c_51_v_-video_1640-mp4-_f_643_jpg.rf.f283c74d995369e9c645bd61492cd755.jpg, 0, 0, 1, 0
c_24_v_-video_693-mp4-_f_136_jpg.rf.eaf0383d55e646cd1c8f8fb9a06ccf67.jpg, 0, 0, 1, 0
c_150_v_-video_4520-mp4-_f_132_jpg.rf.f3412c35a9645a632ed1ee295bac04fb.jpg, 1, 0, 0, 0
c_3_v_-video_25-mp4-_f_238_jpg.rf.f1bc9ddee750bbee74ece4fab556c7a1.jpg, 0, 1, 0, 0
c_8_v_-video_153-mp4-_f_2707_jpg.rf.ee57d84aadb12a3474727033afcde45b.jpg, 1, 0, 0, 0
c_40_v_-video_1286-mp4-_f_126_jpg.rf.ee320f035c22d176d79df1b490e4cfc5.jpg, 1, 0, 0, 0
c_51_v_-video_1640-mp4-_f_25_jpg.rf.f547c299125e2c7aa8b8b3a9caea70b2.jpg, 1, 0, 0, 0
c_43_v_-video_1364-mp4-_f_495_jpg.rf.f451e5d67ac94a5bc8ca4b665553931c.jpg, 0, 0, 1, 0
c_92_v_-video_2787-mp4-_f_462_jpg.rf.f58c6b6e09adb5ea4873a5bc3fac0e5e.jpg, 0, 1, 0, 0
c_168_v_-video_5163-mp4-_f_264_jpg.rf.f5f6d87eb01e551b65b3d5811c13fed3.jpg, 1, 0, 0, 0
c_62_v_-video_2045-mp4-_f_379_jpg.rf.f5fd1a4e1eb4523f1c50bc1c57f9b400.jpg, 1, 0, 0, 0
c_6_v_-video_112-mp4-_f_174_jpg.rf.f65e113c3f012aaec6bb388e393fd586.jpg, 1, 0, 0, 0
c_60_v_-video_1946-mp4-_f_1754_jpg.rf.f6fd1a0a9265b6956784899c0aa6f4a8.jpg, 1, 0, 0, 0
c_44_v_-video_1373-mp4-_f_1199_jpg.rf.f6b98b0e3ab697aa89fbe22b6eb6a597.jpg, 1, 0, 0, 0
c_43_v_-video_1363-mp4-_f_2080_jpg.rf.f6beb907c20ae8666e5a91bdd10fcc07.jpg, 0, 0, 1, 0
c_141_v_-video_4253-mp4-_f_386_jpg.rf.f74c49a1b7ea22c5db1eceb7f812c424.jpg, 0, 0, 1, 0
c_173_v_-video_5306-mp4-_f_228_jpg.rf.f724930b3149d17250954e0f524c9072.jpg, 1, 0, 0, 0
c_6_v_-video_84-mp4-_f_459_jpg.rf.f67f91a8f8b5d9c066a7b038a08e89b6.jpg, 1, 0, 0, 0
c_12_v_-video_368-mp4-_f_261_jpg.rf.f738c61401e75f7e030cf73af03c77a6.jpg, 1, 0, 0, 0
c_49_v_-video_1561-mp4-_f_141_jpg.rf.f72cab111a6754e28ddfb1c2eda4c748.jpg, 1, 0, 0, 0
c_32_v_-video_1044-mp4-_f_1545_jpg.rf.f7fed451301ed20a7aa5901708d9995b.jpg, 1, 0, 0, 0
c_8_v_-video_145-mp4-_f_496_jpg.rf.f8320ed2c9a203969d6fd296e1a51f8f.jpg, 0, 0, 1, 0
c_44_v_-video_1373-mp4-_f_215_jpg.rf.f7f31f9581bb119622cbb4cdcdc09368.jpg, 0, 1, 0, 0
c_6_v_-video_112-mp4-_f_174_jpg.rf.f6e04467580e72bf196d3b953ff40f12.jpg, 1, 0, 0, 0
c_102_v_-video_3124-mp4-_f_97_jpg.rf.f7832886c75518a7a29bc7e498850e1e.jpg, 1, 0, 0, 0
c_59_v_-video_1898-mp4-_f_47_jpg.rf.f82dd780a26c24a8b665f789e08b31f4.jpg, 1, 0, 0, 0
c_5_v_-video_66-mp4-_f_3_jpg.rf.f8e7e2e7ed0d4e628803236ceeb96587.jpg, 1, 0, 0, 0
c_7_v_-video_134-mp4-_f_1093_jpg.rf.f8d680edb499698ce65c8d61b153d5ab.jpg, 0, 0, 0, 1
c_6_v_-video_112-mp4-_f_174_jpg.rf.f9b5e9791e353f548d836d2a33de0350.jpg, 1, 0, 0, 0
c_92_v_-video_2787-mp4-_f_462_jpg.rf.f9b8dc64f99174632e7b290c4c8c5125.jpg, 0, 1, 0, 0
c_141_v_-video_4253-mp4-_f_205_jpg.rf.f8aa9b7e46d5e45d3589bddae46527c5.jpg, 0, 0, 1, 0
c_165_v_-video_5037-mp4-_f_1790_jpg.rf.f9a366b70394d0b94d085cf1118e495f.jpg, 1, 0, 0, 0
c_41_v_-video_1297-mp4-_f_826_jpg.rf.f8f21cffce80d66cfe02e4bd23cdde7d.jpg, 1, 0, 0, 0
c_51_v_-video_1640-mp4-_f_25_jpg.rf.fa5064f22bef962e5d8077fa87f1c88c.jpg, 1, 0, 0, 0
c_45_v_-video_1386-mp4-_f_622_jpg.rf.fb7a0bf07b81d325b0001f1659d1247c.jpg, 1, 0, 0, 0
c_8_v_-video_146-mp4-_f_298_jpg.rf.fa65c2550d79065eb78b63b9512dd35f.jpg, 1, 0, 0, 0
c_162_v_-video_4957-mp4-_f_230_jpg.rf.fb558250d8e642fee101d1045adfa5be.jpg, 1, 0, 0, 0
c_23_v_-video_674-mp4-_f_837_jpg.rf.fcc9772f0c562cea736497d4d913af4a.jpg, 1, 0, 0, 0
c_23_v_-video_674-mp4-_f_41_jpg.rf.fbd542a16c3e79ad88ff055ae95664e7.jpg, 1, 0, 0, 0
c_144_v_-video_4374-mp4-_f_2771_jpg.rf.fced7dab5005aebed31ebff037f5db6d.jpg, 1, 0, 0, 0
c_144_v_-video_4374-mp4-_f_2771_jpg.rf.fe64ad51b170798adc73a6cbe4fb16e4.jpg, 1, 0, 0, 0
c_61_v_-video_1991-mp4-_f_83_jpg.rf.f942feb83b8adc8845934605046a08f6.jpg, 0, 1, 0, 0
c_49_v_-video_1561-mp4-_f_411_jpg.rf.fd8d08553aa82c9c88823e1897513476.jpg, 1, 0, 0, 0
c_12_v_-video_368-mp4-_f_167_jpg.rf.fe0e65028c53205e0677dc62511c5b04.jpg, 1, 0, 0, 0
c_7_v_-video_134-mp4-_f_1716_jpg.rf.fe73c2a83a4348c6062a2490b50964a6.jpg, 0, 0, 0, 1
c_55_v_-video_1729-mp4-_f_1915_jpg.rf.fc0721bc7007530494fafd6ec7f23f0c.jpg, 1, 0, 0, 0
c_120_v_-video_3599-mp4-_f_39_jpg.rf.ff836d3b05a4d959813443ac4660c87d.jpg, 0, 0, 1, 0
c_165_v_-video_5037-mp4-_f_1790_jpg.rf.feb1e9b7b87d4e9079f0445ab7bdd05d.jpg, 1, 0, 0, 0
c_10_v_-video_186-mp4-_f_200_jpg.rf.9bf07110b285aabaee63fa891c261e94.jpg, 1, 0, 0, 0
c_87_v_-video_2641-mp4-_f_163_jpg.rf.9ec36be08ac5db9e4a1d17ced98767f0.jpg, 0, 1, 0, 0
c_25_v_-video_776-mp4-_f_1436_jpg.rf.9b3a7543bc4118942181a48c33e08028.jpg, 1, 0, 0, 0
c_7_v_-video_130-mp4-_f_1233_jpg.rf.9cd40ffcaeaece065c790e8eba098392.jpg, 0, 0, 0, 1
c_172_v_-video_5281-mp4-_f_1193_jpg.rf.9bfa43fa3d6a2a99603448a565b04765.jpg, 1, 0, 0, 0
c_17_v_-video_481-mp4-_f_1292_jpg.rf.9eaeac513bd76edf6bb0127a8b7dcdaf.jpg, 0, 1, 0, 0
c_93_v_-video_2824-mp4-_f_436_jpg.rf.9a94c881fa210f4ded072a5af1bf0d71.jpg, 1, 0, 0, 0
c_125_v_-video_3726-mp4-_f_247_jpg.rf.9dc2290d5d5364013dd3a044c2a4f023.jpg, 0, 0, 1, 0
c_76_v_-video_2330-mp4-_f_161_jpg.rf.9b468263c6353fd5164a54c58b449bdf.jpg, 0, 0, 1, 0
c_14_v_-video_401-mp4-_f_90_jpg.rf.a0f91cd3ceeee7d53663cf13a837344e.jpg, 1, 0, 0, 0
c_6_v_-video_84-mp4-_f_93_jpg.rf.9a5591ef749d479b22db4b88c6261a9b.jpg, 1, 0, 0, 0
c_70_v_-video_2176-mp4-_f_502_jpg.rf.a0b971ecc97ea4d9bf355e53806a7ee1.jpg, 1, 0, 0, 0
c_33_v_-video_1058-mp4-_f_1427_jpg.rf.9a333d7c1dfd42ce1d45bfaf80607646.jpg, 1, 0, 0, 0
c_45_v_-video_1396-mp4-_f_2895_jpg.rf.9df251d5ed0ef6f8094d7001e11b2c3d.jpg, 1, 0, 0, 0
c_46_v_-video_1406-mp4-_f_209_jpg.rf.9e357dd6838d53135bc9b285d68c9c75.jpg, 1, 0, 0, 0
c_141_v_-video_4257-mp4-_f_115_jpg.rf.99390c0fd5f765d57074a6cfeb58221e.jpg, 1, 0, 0, 0
c_10_v_-video_182-mp4-_f_494_jpg.rf.993e74d49a0228298fa996cf71ffe325.jpg, 1, 0, 0, 0
c_28_v_-video_903-mp4-_f_1330_jpg.rf.9b29a0dd194f78a97daebab8060d2db1.jpg, 1, 0, 0, 0
c_117_v_-video_3533-mp4-_f_195_jpg.rf.9d816433a4310caab95e61269b123967.jpg, 1, 0, 0, 0
c_5_v_-video_66-mp4-_f_3_jpg.rf.a04ea38092337c1438d22e59b316507d.jpg, 1, 0, 0, 0
c_48_v_-video_1525-mp4-_f_759_jpg.rf.9b49f84a41e992dfabc8026ac9e8bfdb.jpg, 1, 0, 0, 0
c_144_v_-video_4371-mp4-_f_872_jpg.rf.9a6cddde836efdcc0f2d3861ede0beda.jpg, 0, 1, 0, 0
c_3_v_-video_25-mp4-_f_249_jpg.rf.9e7615d95733d32418cc88e89167eb80.jpg, 0, 1, 0, 0
c_93_v_-video_2824-mp4-_f_116_jpg.rf.9d44f349450b188425a891c45ceaca15.jpg, 1, 0, 0, 0
c_165_v_-video_5046-mp4-_f_117_jpg.rf.9a55c31cc4f90ae1b0abc8702565bdb9.jpg, 1, 0, 0, 0
c_7_v_-video_130-mp4-_f_1360_jpg.rf.a29c7928e27478a1998743663c4809c4.jpg, 0, 0, 0, 1
c_12_v_-video_370-mp4-_f_67_jpg.rf.a16d4326b8fa84d4aec7dddfcc61dc42.jpg, 1, 0, 0, 0
c_48_v_-video_1525-mp4-_f_759_jpg.rf.a348d69af43aef96de01e884d9d3c095.jpg, 1, 0, 0, 0
c_28_v_-video_903-mp4-_f_1330_jpg.rf.a2d1dd7f4ff4d9455d1f246c840b924b.jpg, 1, 0, 0, 0
c_7_v_-video_130-mp4-_f_411_jpg.rf.a41737d9db4e0556084a1d7d2b0e02fd.jpg, 1, 0, 0, 0
c_82_v_-video_2507-mp4-_f_2154_jpg.rf.a383c63fa248e27ab1ef8caf706af12c.jpg, 1, 0, 0, 0
c_42_v_-video_1322-mp4-_f_624_jpg.rf.a48f610aad02e5b6dc3e76c197048b95.jpg, 0, 1, 0, 0
c_43_v_-video_1364-mp4-_f_495_jpg.rf.a709b8108aa625cecf59e7736a474777.jpg, 0, 0, 1, 0
c_3_v_-video_29-mp4-_f_443_jpg.rf.a6db22118cf30708f696baca1648c140.jpg, 0, 1, 0, 0
c_9_v_-video_168-mp4-_f_2210_jpg.rf.a6306366714aa8766820a88782d5d6f6.jpg, 1, 0, 0, 0
c_43_v_-video_1363-mp4-_f_2080_jpg.rf.a6c2fbdd6f9325aca8170ac51c227317.jpg, 0, 0, 1, 0
c_9_v_-video_172-mp4-_f_0_jpg.rf.a4dac3e9f6b2a11d79664863f6246c31.jpg, 1, 0, 0, 0
c_165_v_-video_5046-mp4-_f_180_jpg.rf.a844c34ff75ccfab650dc645b22b395c.jpg, 1, 0, 0, 0
c_99_v_-video_3000-mp4-_f_51_jpg.rf.a7bd3442b89ac1b1b4400c818572669a.jpg, 0, 0, 1, 0
c_99_v_-video_2998-mp4-_f_256_jpg.rf.a7736554eb629b90f8aef6b97cb4dc1e.jpg, 0, 0, 1, 0
c_23_v_-video_672-mp4-_f_778_jpg.rf.a7a6560fb99b29a324a4d0435b7182ef.jpg, 1, 0, 0, 0
c_45_v_-video_1386-mp4-_f_563_jpg.rf.a8f5db1a0b511232d364141be9354698.jpg, 1, 0, 0, 0
c_15_v_-video_451-mp4-_f_251_jpg.rf.a881020bae5d1a4791caddc55cb6e5ca.jpg, 0, 1, 0, 0
c_33_v_-video_1058-mp4-_f_1034_jpg.rf.a8de876dbde1872d30fc269095ad6685.jpg, 1, 0, 0, 0
c_77_v_-video_2376-mp4-_f_938_jpg.rf.a85abfe86f04a0c5331a4d69299a8757.jpg, 1, 0, 0, 0
c_69_v_-video_2171-mp4-_f_40_jpg.rf.a924fb5bd61839bdc1199a981be5fc9c.jpg, 1, 0, 0, 0
c_7_v_-video_130-mp4-_f_100_jpg.rf.aa7366231e413ee71d7fe87e48500129.jpg, 1, 0, 0, 0
c_58_v_-video_1853-mp4-_f_109_jpg.rf.a95e4a42f36a7539278aa5cb0c842b32.jpg, 0, 1, 0, 0
c_24_v_-video_704-mp4-_f_198_jpg.rf.aa4b27cf5fe78f0f165e5487d2b5d582.jpg, 0, 0, 1, 0
c_141_v_-video_4253-mp4-_f_386_jpg.rf.abdfd08d22cfd774eb0303f02bdc1ebb.jpg, 0, 0, 1, 0
c_6_v_-video_90-mp4-_f_684_jpg.rf.ab521adad1ee5a7feff0f490ed36e5e1.jpg, 1, 0, 0, 0
c_62_v_-video_2045-mp4-_f_379_jpg.rf.abf8dc2280309507f99def40812e6ece.jpg, 1, 0, 0, 0
c_69_v_-video_2171-mp4-_f_40_jpg.rf.ac7144c98d1dba3cc9ea60de99b3d27e.jpg, 1, 0, 0, 0
c_22_v_-video_634-mp4-_f_22_jpg.rf.ac45ce78c9716c2a47a1f1ac864f8a0f.jpg, 1, 0, 0, 0
c_19_v_-video_507-mp4-_f_2389_jpg.rf.acf9d32f05df018b368533a495193f7e.jpg, 1, 0, 0, 0
c_19_v_-video_507-mp4-_f_2389_jpg.rf.ab8e4f2b760bcdf3fb5a9bc0a2e1ea01.jpg, 1, 0, 0, 0
c_70_v_-video_2176-mp4-_f_502_jpg.rf.aae7f4fe29c10edd143116b60ccbbc6c.jpg, 1, 0, 0, 0
c_93_v_-video_2824-mp4-_f_116_jpg.rf.ad5e7da92a8ee00e3dc7d92958ef280b.jpg, 1, 0, 0, 0
c_6_v_-video_112-mp4-_f_709_jpg.rf.ade3e19d10272ee053554b09a4772621.jpg, 1, 0, 0, 0
c_144_v_-video_4371-mp4-_f_872_jpg.rf.ae88d04932c56b29dcd775534a675ecf.jpg, 0, 1, 0, 0
c_14_v_-video_400-mp4-_f_810_jpg.rf.ad6d0bcc24d0016186074eb751e03d4f.jpg, 0, 0, 1, 0
c_28_v_-video_907-mp4-_f_73_jpg.rf.aeb54058870e0a1eba6aa5988a79ad5b.jpg, 1, 0, 0, 0
c_174_v_-video_5312-mp4-_f_1319_jpg.rf.ae7bc65f735d4e5ac61fa292e8776c45.jpg, 1, 0, 0, 0
c_1_v_-video_17-mp4-_f_530_jpg.rf.ae0c0510f6e16917f0d409ec104290c6.jpg, 0, 1, 0, 0
c_165_v_-video_5046-mp4-_f_180_jpg.rf.aec05ddea47dc4ca3257bbce9ac62941.jpg, 1, 0, 0, 0
c_141_v_-video_4257-mp4-_f_272_jpg.rf.ae42c0086a0aea8c051fbb12bac632cf.jpg, 1, 0, 0, 0
c_49_v_-video_1561-mp4-_f_141_jpg.rf.aec4996793b9489d65191e55e8f829cf.jpg, 1, 0, 0, 0
c_46_v_-video_1405-mp4-_f_568_jpg.rf.af0e77b57e7c3811e8706d706dae2128.jpg, 0, 0, 1, 0
c_58_v_-video_1853-mp4-_f_510_jpg.rf.afbd3eab73331b169cda52430f1451e5.jpg, 1, 0, 1, 0
c_6_v_-video_84-mp4-_f_93_jpg.rf.afdd9965e0a2243fcd2222535ada6b33.jpg, 1, 0, 0, 0
c_45_v_-video_1386-mp4-_f_753_jpg.rf.b0e1731d59f903c0ff0354bc6ba27b46.jpg, 1, 0, 0, 0
c_77_v_-video_2383-mp4-_f_54_jpg.rf.b1f9553191bdfc54acc380ab630b719a.jpg, 1, 0, 0, 0
c_3_v_-video_25-mp4-_f_249_jpg.rf.afb49092a4b745d17156b697cba40a9e.jpg, 0, 1, 0, 0
c_41_v_-video_1297-mp4-_f_140_jpg.rf.b29d3cb31937c021242faa91eba76deb.jpg, 0, 0, 1, 0
c_7_v_-video_134-mp4-_f_2323_jpg.rf.b123557329e7efdbc7bf67059cf2d1ce.jpg, 0, 0, 0, 1
c_12_v_-video_368-mp4-_f_167_jpg.rf.b309aeb063a273e00cf78ccadf604655.jpg, 1, 0, 0, 0
c_44_v_-video_1373-mp4-_f_215_jpg.rf.b372d073430a6c8f5540b010ad62700f.jpg, 0, 1, 0, 0
c_6_v_-video_112-mp4-_f_709_jpg.rf.b2b28f67c3158e802d6a05617021211d.jpg, 1, 0, 0, 0
c_40_v_-video_1288-mp4-_f_17_jpg.rf.b3547a46cef1282d0f8d86ee119c560c.jpg, 1, 0, 0, 0
c_24_v_-video_693-mp4-_f_136_jpg.rf.b3b47250122201aa3395b8c95a7593cb.jpg, 0, 0, 1, 0
c_20_v_-video_539-mp4-_f_201_jpg.rf.b393a7a645b4aaf1e36e65af7e37ab42.jpg, 0, 0, 0, 1
c_100_v_-video_3062-mp4-_f_1458_jpg.rf.b4cd4c1224c6b698208e0d7865021d39.jpg, 0, 0, 0, 1
c_25_v_-video_776-mp4-_f_1436_jpg.rf.b41ac4166936896c8cc24af0c7d159ac.jpg, 1, 0, 0, 0
c_93_v_-video_2824-mp4-_f_283_jpg.rf.b41591d3717439a3f9e07c338f5c5030.jpg, 1, 0, 0, 0
c_97_v_-video_2915-mp4-_f_16_jpg.rf.b54a88cfb4ad2dfa7076a651baf0b02f.jpg, 1, 0, 0, 0
c_41_v_-video_1297-mp4-_f_140_jpg.rf.b55f3a1dfb02e5a0ba6833720d149cad.jpg, 0, 0, 1, 0
c_102_v_-video_3119-mp4-_f_1311_jpg.rf.b57c45cbcb23bebc0becbcf447767da5.jpg, 1, 0, 0, 0
c_27_v_-video_829-mp4-_f_0_jpg.rf.b5c4abc9eeee0b0df705a60893d579ac.jpg, 0, 1, 0, 0
c_65_v_-video_2087-mp4-_f_918_jpg.rf.b5e7749e14d6ce7d4b6952fc172ed42a.jpg, 1, 0, 0, 0
c_40_v_-video_1286-mp4-_f_775_jpg.rf.b613aa6e2e1564512adf68d8a889cd0b.jpg, 1, 0, 0, 0
c_150_v_-video_4518-mp4-_f_28_jpg.rf.b63ba021638a4d42c3c3cdd818e462fe.jpg, 1, 0, 0, 0
c_6_v_-video_112-mp4-_f_709_jpg.rf.b6a504a0ee3d30507b3e18e7b442d1d9.jpg, 1, 0, 0, 0
c_31_v_-video_993-mp4-_f_75_jpg.rf.b7bacb556dc02da4b471ba34641718f7.jpg, 0, 0, 1, 0
c_10_v_-video_188-mp4-_f_455_jpg.rf.b812e75be329b9157f4e38c0ff06eed1.jpg, 1, 0, 0, 0
c_25_v_-video_777-mp4-_f_33_jpg.rf.b947030a869039d526fc8f95c8f0b514.jpg, 1, 0, 0, 0
c_8_v_-video_146-mp4-_f_298_jpg.rf.b8c6239a344394ec64c5ef11c874a015.jpg, 1, 0, 0, 0
c_65_v_-video_2087-mp4-_f_2155_jpg.rf.b811eaf2642b2edcef8d7bb296cf88ea.jpg, 1, 0, 0, 0
c_59_v_-video_1898-mp4-_f_917_jpg.rf.bbab89efbb39dd1264e728c6e92eaef3.jpg, 1, 0, 0, 0
c_24_v_-video_693-mp4-_f_1495_jpg.rf.ba981a63b555692bcb0de77d11e53cb3.jpg, 1, 0, 0, 0
c_31_v_-video_1004-mp4-_f_869_jpg.rf.b9eb736d74f2516fd8fe7c93414fee68.jpg, 0, 0, 1, 0
c_23_v_-video_672-mp4-_f_195_jpg.rf.bd164d9fd8b6ff02c54fec7d62e16e54.jpg, 1, 0, 0, 0
c_120_v_-video_3598-mp4-_f_713_jpg.rf.bbb18851498cae3518c1256fc3f8ad0a.jpg, 1, 0, 0, 0
c_7_v_-video_134-mp4-_f_1716_jpg.rf.bbb21e69331c97e2d468d9109f80e974.jpg, 0, 0, 0, 1
c_7_v_-video_134-mp4-_f_1093_jpg.rf.bcd33849b4c147418f7d020535a82640.jpg, 0, 0, 0, 1
c_1_v_-video_17-mp4-_f_925_jpg.rf.bcfbbbeae74a4f4924804a02cacba48e.jpg, 0, 1, 0, 0
c_79_v_-video_2405-mp4-_f_42_jpg.rf.bdb07dcd6014417c8a353cd32a3a172e.jpg, 1, 0, 0, 0
c_12_v_-video_370-mp4-_f_25_jpg.rf.bd9d575975cfb2a40f9f6a6898c05873.jpg, 1, 0, 0, 0
c_10_v_-video_188-mp4-_f_455_jpg.rf.be138c9529572a9d3e242be066527bff.jpg, 1, 0, 0, 0
c_20_v_-video_539-mp4-_f_201_jpg.rf.bd640b81d27c8c538cb43a764a6d7d78.jpg, 0, 0, 0, 1
c_146_v_-video_4412-mp4-_f_43_jpg.rf.bee9de7ee51ec53dc39f21278f6bc70d.jpg, 1, 0, 0, 0
c_31_v_-video_1004-mp4-_f_869_jpg.rf.be6113b555622b48ec489dbd8caf21c9.jpg, 0, 0, 1, 0
c_62_v_-video_2045-mp4-_f_379_jpg.rf.be1895141b857f6c5dfe35189edbdf09.jpg, 1, 0, 0, 0
c_46_v_-video_1406-mp4-_f_209_jpg.rf.bec36a65c60cb2d63e6c77118f6fbf40.jpg, 1, 0, 0, 0
c_22_v_-video_632-mp4-_f_2825_jpg.rf.bf478ec41d3bdbbb21e07e134dbf5407.jpg, 1, 0, 0, 0
c_165_v_-video_5038-mp4-_f_161_jpg.rf.bef0ba4f3686b50f1e0e87f2ae042656.jpg, 1, 0, 0, 0
c_10_v_-video_184-mp4-_f_22_jpg.rf.bfc5f78744d519ba2e3b86df3311d790.jpg, 1, 0, 0, 0
c_49_v_-video_1561-mp4-_f_141_jpg.rf.c008a38d269aeafc64f6555c18148946.jpg, 1, 0, 0, 0
c_33_v_-video_1058-mp4-_f_1427_jpg.rf.c016f53c8da2e46f49844b8ffec0d12f.jpg, 1, 0, 0, 0
c_37_v_-video_1229-mp4-_f_36_jpg.rf.c16d7257768a113a15ff94d61f932fe9.jpg, 0, 0, 1, 0
c_10_v_-video_186-mp4-_f_200_jpg.rf.c0d3f71438bf4b8113295ea11ee9afa7.jpg, 1, 0, 0, 0
c_189_v_-video_5727-mp4-_f_14_jpg.rf.c2271ad607b9c04918f10d5352931707.jpg, 1, 0, 0, 0
c_20_v_-video_539-mp4-_f_305_jpg.rf.c1bb9f987e737866e817c2112fba458a.jpg, 1, 0, 0, 1
c_99_v_-video_3000-mp4-_f_51_jpg.rf.c1bf5dc4d968be80653dd7aae394f3a3.jpg, 0, 0, 1, 0
c_6_v_-video_90-mp4-_f_684_jpg.rf.c1c1414175e0c64f1d82f6930b06c968.jpg, 1, 0, 0, 0
c_6_v_-video_89-mp4-_f_511_jpg.rf.c224175fc390d8f9a4233fd84b7563cd.jpg, 1, 0, 0, 0
c_8_v_-video_148-mp4-_f_1079_jpg.rf.c24d3156cc9d25d947bea13b77d8783b.jpg, 1, 0, 0, 0
c_165_v_-video_5033-mp4-_f_547_jpg.rf.c24bab78bb997e44f12601da669d100c.jpg, 1, 0, 0, 0
c_135_v_-video_4058-mp4-_f_1_jpg.rf.c27ac80075bf68e626d726b261b6ca23.jpg, 0, 1, 0, 0
c_60_v_-video_1945-mp4-_f_52_jpg.rf.c2cb2072bf82aebbf79192b8eeee83d2.jpg, 0, 1, 0, 0
c_46_v_-video_1405-mp4-_f_568_jpg.rf.c2bb624e3b6d4789c99de408396f352a.jpg, 0, 0, 1, 0
c_8_v_-video_153-mp4-_f_2707_jpg.rf.c32eba9ba6638ee549e317f09f3b0253.jpg, 1, 0, 0, 0
c_61_v_-video_1991-mp4-_f_83_jpg.rf.c300a518a7d4d8b0bad6933fcdf398dc.jpg, 0, 1, 0, 0
c_77_v_-video_2376-mp4-_f_578_jpg.rf.c3248867183d6ee04d53720388bf72b7.jpg, 1, 0, 0, 0
c_33_v_-video_1058-mp4-_f_1034_jpg.rf.c3ad384361272dd5f3d84d0965de6b1c.jpg, 1, 0, 0, 0
c_117_v_-video_3533-mp4-_f_195_jpg.rf.c4bb314e33f83839ce01b434fa5025b6.jpg, 1, 0, 0, 0
c_3_v_-video_25-mp4-_f_348_jpg.rf.c496a7470c6c6045a42788be9bfd88d5.jpg, 0, 1, 0, 0
c_62_v_-video_2056-mp4-_f_312_jpg.rf.c58a16283f41561dc24462c76d7880ae.jpg, 1, 0, 0, 0
c_49_v_-video_1561-mp4-_f_202_jpg.rf.c388b7ba115741f0ebfb9a30c9f44137.jpg, 1, 0, 0, 0
c_44_v_-video_1373-mp4-_f_215_jpg.rf.c54ebfa3864b4524582faf0ce6732a46.jpg, 0, 1, 0, 0
c_159_v_-video_4770-mp4-_f_4585_jpg.rf.c7442c1f2bd991397bb119bbadbc5b30.jpg, 1, 0, 0, 0
c_51_v_-video_1640-mp4-_f_25_jpg.rf.c7980c28f429211c1459c9e4a54cf6c3.jpg, 1, 0, 0, 0
c_137_v_-video_4143-mp4-_f_639_jpg.rf.c67499d16edd75dfb65b9876ac4f50d8.jpg, 1, 0, 0, 0
c_82_v_-video_2507-mp4-_f_2154_jpg.rf.c85dccdb01f1ed9cfbc1a9dbbbb1dac8.jpg, 1, 0, 0, 0
c_51_v_-video_1640-mp4-_f_535_jpg.rf.c7fc80e914a233466aa43615d9280f6f.jpg, 1, 0, 0, 0
c_8_v_-video_153-mp4-_f_2707_jpg.rf.c908f67ebd7d096b8eda2a7b270ea2e7.jpg, 1, 0, 0, 0
c_3_v_-video_25-mp4-_f_249_jpg.rf.c8ef8a3fa3249ce201eb0bacd33edd0a.jpg, 0, 1, 0, 0
c_39_v_-video_1263-mp4-_f_1769_jpg.rf.c889c940d6584e3166474d837bc36cfe.jpg, 1, 0, 0, 0
c_62_v_-video_2045-mp4-_f_363_jpg.rf.c93103294f5cbec0137500941e124fbd.jpg, 1, 0, 0, 0
c_46_v_-video_1405-mp4-_f_568_jpg.rf.c9fa907808f64165b820b01634c19cf4.jpg, 0, 0, 1, 0
c_46_v_-video_1406-mp4-_f_426_jpg.rf.c9d9c35dfb6686fb2d98a77b5a570f83.jpg, 1, 0, 0, 0
c_8_v_-video_148-mp4-_f_2723_jpg.rf.c9ad9e8c2192f935dd17df3063d45d57.jpg, 1, 0, 0, 0
c_44_v_-video_1373-mp4-_f_1199_jpg.rf.ca6f7ba6236e865ae0a0015b74d783bd.jpg, 1, 0, 0, 0
c_144_v_-video_4371-mp4-_f_66_jpg.rf.cb66a266047ebd6c599275b2f51de69e.jpg, 0, 1, 0, 0
c_173_v_-video_5306-mp4-_f_228_jpg.rf.ca8f33d485d5db446fc9f9fcae18b8b1.jpg, 1, 0, 0, 0
c_5_v_-video_62-mp4-_f_681_jpg.rf.ca64025584cc142a454d3ef9306e4ccb.jpg, 1, 0, 0, 0
c_141_v_-video_4257-mp4-_f_115_jpg.rf.cbd84584466f0ba2f49a3f24becfe905.jpg, 1, 0, 0, 0
c_21_v_-video_607-mp4-_f_46_jpg.rf.cc6576764f02596cb09b90e1a87c224e.jpg, 0, 0, 0, 1
c_59_v_-video_1898-mp4-_f_1838_jpg.rf.cc25d6933dda7a8dce82f1ecd9396cb7.jpg, 1, 0, 0, 0
c_3_v_-video_29-mp4-_f_510_jpg.rf.cc76d9f6befa424bf97b45587de1adf0.jpg, 0, 1, 0, 0
c_51_v_-video_1640-mp4-_f_535_jpg.rf.cab0ffb27d9fc35be17fddc7e3c85f31.jpg, 1, 0, 0, 0
c_93_v_-video_2824-mp4-_f_436_jpg.rf.cbf8a41d120efb957afdfe1a38414c01.jpg, 1, 0, 0, 0
c_31_v_-video_997-mp4-_f_161_jpg.rf.ccae3c391efb152b493dfdf9ddebbb62.jpg, 1, 0, 0, 0
c_8_v_-video_146-mp4-_f_298_jpg.rf.cce558142925ddc8a02470530963264f.jpg, 1, 0, 0, 0
c_58_v_-video_1853-mp4-_f_109_jpg.rf.cca41ad1ed37c2372bac71224be3a921.jpg, 0, 1, 0, 0
c_8_v_-video_148-mp4-_f_164_jpg.rf.ccd553473cdad8385c6727f6459e10f1.jpg, 1, 0, 0, 0
c_70_v_-video_2176-mp4-_f_502_jpg.rf.cd68eb45d8f1e03810fb335aac7f173b.jpg, 1, 0, 0, 0
c_93_v_-video_2824-mp4-_f_436_jpg.rf.cd9d7813f51bee4af159549b0524517b.jpg, 1, 0, 0, 0
c_8_v_-video_148-mp4-_f_164_jpg.rf.d0340640d6ac521bf3c29557cd6760b1.jpg, 1, 0, 0, 0
c_42_v_-video_1323-mp4-_f_183_jpg.rf.d0d0312d8e35d4b8ea4f7d69bee21ceb.jpg, 0, 0, 1, 0
c_24_v_-video_693-mp4-_f_1606_jpg.rf.d02173e8d7a204371b456e7928361900.jpg, 1, 0, 0, 0
c_117_v_-video_3530-mp4-_f_811_jpg.rf.ce092e0fe69c9e75f7fda51b46258592.jpg, 1, 0, 0, 0
c_72_v_-video_2199-mp4-_f_0_jpg.rf.d1280372349eadbcde622acfc7d680e5.jpg, 0, 0, 0, 1
c_62_v_-video_2045-mp4-_f_846_jpg.rf.d100f6a0f18addf5b671f92a6f188bd4.jpg, 1, 0, 0, 0
c_97_v_-video_2912-mp4-_f_71_jpg.rf.d16ab97266abeb0436528fbebb46801f.jpg, 0, 1, 0, 0
c_40_v_-video_1286-mp4-_f_775_jpg.rf.d00b990f01c244d896c1fdbdb03bfd17.jpg, 1, 0, 0, 0
c_60_v_-video_1946-mp4-_f_963_jpg.rf.d035c6a3babad37d57eb865fad6a7c06.jpg, 1, 0, 0, 0
c_20_v_-video_539-mp4-_f_305_jpg.rf.d14a58d0d52104695ff171d15b01c2d0.jpg, 1, 0, 0, 1
c_14_v_-video_425-mp4-_f_118_jpg.rf.d2abdea0d9e6d388fb8409b3de1eab85.jpg, 1, 0, 0, 0
c_8_v_-video_148-mp4-_f_2515_jpg.rf.d34976530badf451d95c5b513c839e2d.jpg, 1, 0, 0, 0
c_168_v_-video_5163-mp4-_f_264_jpg.rf.d297287b28a9c8dd65713e392183c72c.jpg, 1, 0, 0, 0
c_8_v_-video_148-mp4-_f_1079_jpg.rf.d351e03346edd2879120165b8b947b75.jpg, 1, 0, 0, 0
c_23_v_-video_672-mp4-_f_1006_jpg.rf.ce5a52c222c00fb470f49d0c709bad15.jpg, 1, 0, 0, 0
c_28_v_-video_903-mp4-_f_330_jpg.rf.d33a959410fd621a6f4bf15c7e4dfaa7.jpg, 1, 0, 0, 0
c_3_v_-video_25-mp4-_f_348_jpg.rf.d4a7a5ddf74db301a417c758169926e9.jpg, 0, 1, 0, 0
c_77_v_-video_2376-mp4-_f_938_jpg.rf.d1d947f792eda0121d33e0cc5af96272.jpg, 1, 0, 0, 0
c_157_v_-video_4727-mp4-_f_0_jpg.rf.d3b068eef868f72a9794583628f764a1.jpg, 1, 0, 0, 0
c_65_v_-video_2087-mp4-_f_278_jpg.rf.d3ef9fef79cc54886f6bc567531b0068.jpg, 1, 0, 0, 0
c_9_v_-video_168-mp4-_f_2210_jpg.rf.d0fb78e83737e0ae1e17b8f6639f05f4.jpg, 1, 0, 0, 0
c_99_v_-video_3006-mp4-_f_102_jpg.rf.d47e562ead8c12808cf2e19055ca24fa.jpg, 0, 0, 1, 0
c_99_v_-video_3041-mp4-_f_0_jpg.rf.d4b7b6e1d757f1b1c59e4e413a89d3c1.jpg, 1, 0, 0, 0
c_40_v_-video_1281-mp4-_f_262_jpg.rf.d6b8111312ec23721e579267552897c6.jpg, 0, 0, 1, 0
c_50_v_-video_1589-mp4-_f_109_jpg.rf.d518cd634a1a03800c40dffb97381e33.jpg, 0, 0, 1, 0
c_117_v_-video_3533-mp4-_f_195_jpg.rf.d5a711873112592bc71533c46202e82b.jpg, 1, 0, 0, 0
c_99_v_-video_3041-mp4-_f_0_jpg.rf.d7a665202de6d4fe74aa153797291993.jpg, 1, 0, 0, 0
c_45_v_-video_1396-mp4-_f_2895_jpg.rf.d7807bbfb0dcefd20f7252829e88af96.jpg, 1, 0, 0, 0
c_25_v_-video_774-mp4-_f_608_jpg.rf.d836b8895aa1c6bd526fcbedbcd9429a.jpg, 1, 0, 0, 0
c_55_v_-video_1729-mp4-_f_1915_jpg.rf.d811493cd52723951d7717cddb5d5ba6.jpg, 1, 0, 0, 0
c_57_v_-video_1790-mp4-_f_557_jpg.rf.d6b862f376f5c6b3a40ac2347a89575b.jpg, 0, 0, 1, 0
c_10_v_-video_185-mp4-_f_112_jpg.rf.d8a73fde6bf10414a979652278b1f398.jpg, 1, 0, 0, 0
c_23_v_-video_672-mp4-_f_1268_jpg.rf.d6f30165d8a0a0786c13c4730682baae.jpg, 1, 0, 0, 0
c_5_v_-video_62-mp4-_f_681_jpg.rf.d9810e940a783a1343bd2acafb8e7db6.jpg, 1, 0, 0, 0
c_173_v_-video_5306-mp4-_f_228_jpg.rf.da92cc9d817585bd15cb74c5c5a2e38d.jpg, 1, 0, 0, 0
c_93_v_-video_2846-mp4-_f_54_jpg.rf.daf3f0eb4c10d753423bef055c8d35a8.jpg, 0, 1, 0, 0
c_92_v_-video_2749-mp4-_f_25_jpg.rf.d93ba0d51c4426f48c262ccecc1210e4.jpg, 0, 1, 0, 0
c_9_v_-video_168-mp4-_f_515_jpg.rf.dae530a6c93b3d029ce651d80e3b2eac.jpg, 1, 0, 0, 0
c_51_v_-video_1638-mp4-_f_1710_jpg.rf.d7384519bdfec5b6d56d3e8f36ee3dc5.jpg, 1, 0, 0, 0
c_12_v_-video_365-mp4-_f_174_jpg.rf.da60d20f3b6c1804b00d8c168b47108c.jpg, 1, 0, 0, 0
c_85_v_-video_2607-mp4-_f_284_jpg.rf.dbea818c6d261ee209dba16ec28c195d.jpg, 0, 0, 1, 1
c_77_v_-video_2376-mp4-_f_578_jpg.rf.d8e14b3d8917e249ea678c0261629982.jpg, 1, 0, 0, 0
c_25_v_-video_774-mp4-_f_608_jpg.rf.db8fee44d156f76802d5033f12c00b5d.jpg, 1, 0, 0, 0
c_58_v_-video_1853-mp4-_f_510_jpg.rf.daf86a3c015460331282a0952a3f567c.jpg, 1, 0, 1, 0
c_165_v_-video_5035-mp4-_f_13_jpg.rf.dc2cf99f24ac57a4c7db021356c00a1e.jpg, 0, 1, 0, 0
c_24_v_-video_693-mp4-_f_136_jpg.rf.dacac8fab6e2f4ba1d8d436a33ed1b43.jpg, 0, 0, 1, 0
c_48_v_-video_1525-mp4-_f_685_jpg.rf.dba33a3d5f1489f89ad202b82a392975.jpg, 0, 0, 1, 0
c_45_v_-video_1396-mp4-_f_1483_jpg.rf.dc2fb955bff7db776c3bf25f76e1cd5e.jpg, 1, 0, 0, 0
c_37_v_-video_1229-mp4-_f_36_jpg.rf.decdce121ec24bc84c9f45448d9d193a.jpg, 0, 0, 1, 0
c_70_v_-video_2176-mp4-_f_308_jpg.rf.dda0047c59a4793ec1bface1ee9d742c.jpg, 1, 0, 0, 0
c_141_v_-video_4253-mp4-_f_386_jpg.rf.dd7cbec39ac3299bace721e273be8d88.jpg, 0, 0, 1, 0
c_79_v_-video_2405-mp4-_f_42_jpg.rf.de166e66383db67584914a9eb12b3584.jpg, 1, 0, 0, 0
c_8_v_-video_146-mp4-_f_344_jpg.rf.dbf9a63345c456a1466678a70d5a9935.jpg, 1, 0, 0, 0
c_120_v_-video_3599-mp4-_f_39_jpg.rf.dd2941e860255087f9590b444329ca55.jpg, 0, 0, 1, 0
c_12_v_-video_370-mp4-_f_67_jpg.rf.df4afd3e16fcbf421f19b6fa53d149a6.jpg, 1, 0, 0, 0
c_3_v_-video_27-mp4-_f_163_jpg.rf.dfb0654ed724d995619dadf5bfc3006b.jpg, 0, 1, 0, 0
c_5_v_-video_66-mp4-_f_3_jpg.rf.e076ec304bba2270ca45cfd048f52f30.jpg, 1, 0, 0, 0
c_23_v_-video_672-mp4-_f_1006_jpg.rf.e236d805784ee9880e9ba725d2f507b6.jpg, 1, 0, 0, 0
c_6_v_-video_84-mp4-_f_695_jpg.rf.e454f06ef8d533c1d868f10b94b88636.jpg, 1, 0, 0, 0
c_15_v_-video_449-mp4-_f_2374_jpg.rf.e19c8bda199b629ffaa6ab9355933a56.jpg, 1, 0, 0, 0
c_3_v_-video_29-mp4-_f_627_jpg.rf.e097b6deb322f8d43add60dde1fdf71f.jpg, 0, 1, 0, 0
c_15_v_-video_454-mp4-_f_144_jpg.rf.e2c27d4d89814703abe43787ab0d06a6.jpg, 1, 0, 0, 0
c_8_v_-video_145-mp4-_f_496_jpg.rf.e09595a2ed5062080edd876ee2c7566c.jpg, 0, 0, 1, 0
c_99_v_-video_3006-mp4-_f_102_jpg.rf.e65d32328c3d5f6debd76f87f012562b.jpg, 0, 0, 1, 0
c_23_v_-video_674-mp4-_f_1579_jpg.rf.e18e7885a59579d402017246bdb2f0f8.jpg, 1, 0, 0, 0
c_144_v_-video_4374-mp4-_f_2771_jpg.rf.e6a834e5c09448753db1ed02eed49f46.jpg, 1, 0, 0, 0
c_76_v_-video_2329-mp4-_f_1012_jpg.rf.e6b18da955df58e2602227d67f5a722d.jpg, 1, 0, 0, 0
c_189_v_-video_5727-mp4-_f_14_jpg.rf.e2a76ab196610e4470e5dcdaac819481.jpg, 1, 0, 0, 0
c_22_v_-video_632-mp4-_f_2825_jpg.rf.e6637a57f0b7db87e47e9860612fd660.jpg, 1, 0, 0, 0
c_93_v_-video_2824-mp4-_f_383_jpg.rf.e50f7fcdf82bbed6ea6152ef340a4294.jpg, 1, 0, 0, 0
c_4_v_-video_48-mp4-_f_402_jpg.rf.e7f0e11170a1a43f3a99d5e59cb8ef48.jpg, 1, 0, 0, 0
c_99_v_-video_2998-mp4-_f_73_jpg.rf.e788d0e0599d43c5d561d0a11012781d.jpg, 0, 0, 1, 0
c_62_v_-video_2056-mp4-_f_312_jpg.rf.e7f29d1b5bee1aca3f845ca8fe885b1a.jpg, 1, 0, 0, 0
c_65_v_-video_2087-mp4-_f_66_jpg.rf.e9130101d988f9b8e7cc47bf4c3a7e10.jpg, 1, 0, 0, 0
c_97_v_-video_2915-mp4-_f_16_jpg.rf.e899d059719219dbb5d48be12a0c3330.jpg, 1, 0, 0, 0
c_12_v_-video_368-mp4-_f_261_jpg.rf.e94ea00ba099061d94d1460bcadda157.jpg, 1, 0, 0, 0
c_7_v_-video_134-mp4-_f_2323_jpg.rf.e928d8c49b892855394b44c03cbc8abc.jpg, 0, 0, 0, 1
c_88_v_-video_2665-mp4-_f_2058_jpg.rf.ea55aaf6a3a85e6caba39dccbb081eb0.jpg, 1, 0, 0, 0
c_6_v_-video_84-mp4-_f_93_jpg.rf.e7b55ad96ef425b26ce77e940ddf8e17.jpg, 1, 0, 0, 0
c_145_v_-video_4391-mp4-_f_27_jpg.rf.e992bf7bd9349b857c3c0e68958e3bff.jpg, 1, 0, 0, 0
c_3_v_-video_29-mp4-_f_627_jpg.rf.ea592aa04e3842de5a1312c770fc4abd.jpg, 0, 1, 0, 0
c_3_v_-video_29-mp4-_f_627_jpg.rf.e95c17b94818ec50d3a0879564d66665.jpg, 0, 1, 0, 0
c_40_v_-video_1286-mp4-_f_775_jpg.rf.ea5c6dfb709ac4e13140317e32ce916e.jpg, 1, 0, 0, 0
c_58_v_-video_1853-mp4-_f_109_jpg.rf.4a4da0a7760419643b03a4b42c835ce0.jpg, 0, 1, 0, 0
c_14_v_-video_422-mp4-_f_59_jpg.rf.484b869d2604d71b83d4b6ccfa00962f.jpg, 1, 0, 0, 0
c_12_v_-video_370-mp4-_f_25_jpg.rf.49469afc2887597269dcb7cff3d46cb5.jpg, 1, 0, 0, 0
c_32_v_-video_1044-mp4-_f_1545_jpg.rf.4f2939ef338ca3d3af38c22ea487e4f4.jpg, 1, 0, 0, 0
c_189_v_-video_5727-mp4-_f_14_jpg.rf.4fb79eacdabdb156ac62b2301b674644.jpg, 1, 0, 0, 0
c_173_v_-video_5306-mp4-_f_20_jpg.rf.4c7d68bb12642a1d6ba9aea54758e279.jpg, 1, 0, 0, 0
c_150_v_-video_4517-mp4-_f_109_jpg.rf.47daf80683fffce878f14eeb3b506e28.jpg, 1, 0, 0, 0
c_40_v_-video_1277-mp4-_f_411_jpg.rf.482fe5acdce18858d9866a9ec69c575d.jpg, 1, 0, 1, 0
c_24_v_-video_704-mp4-_f_198_jpg.rf.46fbc5a37f3bd33066a7bb1559348f42.jpg, 0, 0, 1, 0
c_76_v_-video_2329-mp4-_f_1012_jpg.rf.49b2f9fdbb24d4295afb8715c7287c37.jpg, 1, 0, 0, 0
c_14_v_-video_422-mp4-_f_59_jpg.rf.4dc12ebf900c85318ac2844b00708bfb.jpg, 1, 0, 0, 0
c_46_v_-video_1406-mp4-_f_426_jpg.rf.4b397bcec9e79614a0a4f8073fe00acd.jpg, 1, 0, 0, 0
c_65_v_-video_2087-mp4-_f_66_jpg.rf.4ec730b894c41c75fc91fc9c356a2295.jpg, 1, 0, 0, 0
c_1_v_-video_17-mp4-_f_925_jpg.rf.49b7d91b06871fedeb8eed879deae445.jpg, 0, 1, 0, 0
c_49_v_-video_1561-mp4-_f_411_jpg.rf.47c1023d229716a788306957c7cca1e5.jpg, 1, 0, 0, 0
c_28_v_-video_907-mp4-_f_73_jpg.rf.4be9c5bafc6229815ac8fdce9469e333.jpg, 1, 0, 0, 0
c_6_v_-video_84-mp4-_f_459_jpg.rf.4e0892c28b867b6fb22cd6914ad20056.jpg, 1, 0, 0, 0
c_58_v_-video_1853-mp4-_f_586_jpg.rf.4b9e8712e4044b6fcf06574127d9683c.jpg, 1, 0, 0, 0
c_76_v_-video_2364-mp4-_f_25_jpg.rf.4a96ed1f7c4a42c643d30c020df1836e.jpg, 1, 0, 0, 0
c_172_v_-video_5281-mp4-_f_1193_jpg.rf.4eeec9c9b3010f3cc75f42a402e33f7f.jpg, 1, 0, 0, 0
c_6_v_-video_84-mp4-_f_695_jpg.rf.4b5a553d4fe3d54bd8d2821e04667d4f.jpg, 1, 0, 0, 0
c_40_v_-video_1277-mp4-_f_411_jpg.rf.4f0252f3185b52be02a52357d98ec2a5.jpg, 1, 0, 1, 0
c_31_v_-video_993-mp4-_f_75_jpg.rf.4d3791c048ce29acc2becf4d1cfa5432.jpg, 0, 0, 1, 0
c_65_v_-video_2087-mp4-_f_2161_jpg.rf.4eb4de3fdd62b00134131a24819517cf.jpg, 1, 0, 0, 0
c_44_v_-video_1377-mp4-_f_212_jpg.rf.4a26f181bf8ce1ce8b079fe76c85e303.jpg, 1, 0, 0, 0
c_23_v_-video_674-mp4-_f_1579_jpg.rf.50c7686713f8fc3c2011fb2ee3feed6e.jpg, 1, 0, 0, 0
c_28_v_-video_903-mp4-_f_330_jpg.rf.50ba4c4957f3798c84a480e1b5272fa2.jpg, 1, 0, 0, 0
c_43_v_-video_1364-mp4-_f_495_jpg.rf.508c4a05067792999c6f8eb1da50f19a.jpg, 0, 0, 1, 0
c_58_v_-video_1853-mp4-_f_586_jpg.rf.5012753aadc912acf1c0b858acb019ca.jpg, 1, 0, 0, 0
c_88_v_-video_2665-mp4-_f_2058_jpg.rf.52599e316aabefaa36ee7b01c03d8e57.jpg, 1, 0, 0, 0
c_93_v_-video_2824-mp4-_f_283_jpg.rf.52ed315499500db3ac6b65bfdda17287.jpg, 1, 0, 0, 0
c_169_v_-video_5210-mp4-_f_102_jpg.rf.51bcaa0c70f32ffd1e6361d816d2d188.jpg, 1, 0, 0, 0
c_55_v_-video_1729-mp4-_f_1915_jpg.rf.51a3733bcc529abda1dafcd0b0fef667.jpg, 1, 0, 0, 0
c_46_v_-video_1405-mp4-_f_36_jpg.rf.53c94299982e3f1b63c6892806750869.jpg, 0, 1, 0, 0
c_59_v_-video_1898-mp4-_f_917_jpg.rf.557a6b3588b87dfc85c1d3232a7a169e.jpg, 1, 0, 0, 0
c_14_v_-video_425-mp4-_f_118_jpg.rf.543323e70ccc5236fe4be079fa290742.jpg, 1, 0, 0, 0
c_165_v_-video_5046-mp4-_f_180_jpg.rf.54af07a5d4684e57473320267feb9419.jpg, 1, 0, 0, 0
c_45_v_-video_1386-mp4-_f_753_jpg.rf.56886eef46dd326f8783c9479e436aab.jpg, 1, 0, 0, 0
c_1_v_-video_17-mp4-_f_925_jpg.rf.59a266a31f4bb2c28fbb5a37320eb7a5.jpg, 0, 1, 0, 0
c_93_v_-video_2846-mp4-_f_54_jpg.rf.56e11c7061f4c70f431bd8e99bcca006.jpg, 0, 1, 0, 0
c_15_v_-video_449-mp4-_f_2831_jpg.rf.574741fc1a137595cb2fd6b8be6539b2.jpg, 1, 0, 0, 0
c_162_v_-video_4957-mp4-_f_230_jpg.rf.561434e487be9ca0b072ed18d37bd30d.jpg, 1, 0, 0, 0
c_70_v_-video_2176-mp4-_f_308_jpg.rf.55f8fa17e464865b9ebb5fd76be179d6.jpg, 1, 0, 0, 0
c_65_v_-video_2087-mp4-_f_2155_jpg.rf.56ae7d054198890cab34b03f1d6d5aa4.jpg, 1, 0, 0, 0
c_169_v_-video_5210-mp4-_f_102_jpg.rf.58295c28aaad32cbb6e3665b22298ea3.jpg, 1, 0, 0, 0
c_102_v_-video_3119-mp4-_f_1311_jpg.rf.59b01de6b1c38e92c2a5c27948b58591.jpg, 1, 0, 0, 0
c_40_v_-video_1288-mp4-_f_17_jpg.rf.59b2a2a15b436066778fd894567dece1.jpg, 1, 0, 0, 0
c_42_v_-video_1322-mp4-_f_471_jpg.rf.59b0b1e47a5aa986606ede4e0b60ca20.jpg, 0, 1, 0, 0
c_99_v_-video_2998-mp4-_f_73_jpg.rf.5a0783d1af6c7b6ad82cc907a5331621.jpg, 0, 0, 1, 0
c_34_v_-video_1099-mp4-_f_5_jpg.rf.59ff4b56ac1d6e488540c8c09f7af461.jpg, 1, 0, 0, 0
c_159_v_-video_4770-mp4-_f_4585_jpg.rf.5aee2eb26adcb89f45d4d106b17b3cfc.jpg, 1, 0, 0, 0
c_7_v_-video_130-mp4-_f_100_jpg.rf.5a2ce40e2d94dff4bb07a3ef05493596.jpg, 1, 0, 0, 0
c_117_v_-video_3530-mp4-_f_811_jpg.rf.5a11d0c3277b6d06c27383e1dadd0939.jpg, 1, 0, 0, 0
c_31_v_-video_993-mp4-_f_75_jpg.rf.5c28df8089f29b6a748c73a5ed25234a.jpg, 0, 0, 1, 0
c_7_v_-video_130-mp4-_f_986_jpg.rf.5bfd59c9fbd241b03d92f68fc39523a4.jpg, 1, 0, 0, 0
c_65_v_-video_2087-mp4-_f_918_jpg.rf.5e5d90e4ebf64d0171f2d08f280afb13.jpg, 1, 0, 0, 0
c_1_v_-video_17-mp4-_f_530_jpg.rf.5c0e48f99c06bf617243b8c2e8be2268.jpg, 0, 1, 0, 0
c_42_v_-video_1322-mp4-_f_624_jpg.rf.5e5fb6f189910ad242bee4abbc793ad3.jpg, 0, 1, 0, 0
c_93_v_-video_2824-mp4-_f_116_jpg.rf.5cfc92b7ba8417bd932bc30efbb9f4e3.jpg, 1, 0, 0, 0
c_32_v_-video_1044-mp4-_f_1545_jpg.rf.5ed255d0f9ab7ea953f137e9e7c4a054.jpg, 1, 0, 0, 0
c_25_v_-video_776-mp4-_f_750_jpg.rf.5eb964cc2c1d879ae093313382d38bca.jpg, 1, 0, 0, 0
c_31_v_-video_997-mp4-_f_161_jpg.rf.6082db394e646fb797aed02d3c8d14ab.jpg, 1, 0, 0, 0
c_28_v_-video_903-mp4-_f_1761_jpg.rf.6094c66f0a5b58f2dcdc94d2911c70f6.jpg, 1, 0, 0, 0
c_92_v_-video_2749-mp4-_f_25_jpg.rf.60bd3ed1f9b8985d856d6bd2cd9aab93.jpg, 0, 1, 0, 0
c_17_v_-video_481-mp4-_f_1292_jpg.rf.5f6a6787c2fd78a6516a854c413155cc.jpg, 0, 1, 0, 0
c_9_v_-video_168-mp4-_f_1146_jpg.rf.610c6f937f87981fb8babfc7573585df.jpg, 1, 0, 0, 0
c_165_v_-video_5035-mp4-_f_13_jpg.rf.61b1c0e4d04357e8ba5b818ae3573552.jpg, 0, 1, 0, 0
c_51_v_-video_1640-mp4-_f_535_jpg.rf.60ea18dd0ee3a7e7e7c2ff9c7846fd41.jpg, 1, 0, 0, 0
c_23_v_-video_674-mp4-_f_837_jpg.rf.623934b3be2f12d7c4deabc3e904ca07.jpg, 1, 0, 0, 0
c_102_v_-video_3119-mp4-_f_185_jpg.rf.6300f067c29fbfe3b3aedb4be2dac13b.jpg, 1, 0, 0, 0
c_102_v_-video_3130-mp4-_f_0_jpg.rf.632e564c3cf43e812a5d07ad0d86388a.jpg, 1, 0, 0, 0
c_9_v_-video_168-mp4-_f_2210_jpg.rf.62a07ba1e23c7da153279d517e6ef8a2.jpg, 1, 0, 0, 0
c_114_v_-video_3461-mp4-_f_610_jpg.rf.630bf5e6fe8ae8445f4da5b8d9dc7bbb.jpg, 1, 0, 0, 0
c_59_v_-video_1898-mp4-_f_47_jpg.rf.643e51f8d66c63565fb748379d25bc58.jpg, 1, 0, 0, 0
c_28_v_-video_903-mp4-_f_330_jpg.rf.64dbeb7cb0e06ebc23587697f23c861f.jpg, 1, 0, 0, 0
c_59_v_-video_1898-mp4-_f_47_jpg.rf.6427b5f08d53ad1d4cf975cb596accdb.jpg, 1, 0, 0, 0
c_58_v_-video_1853-mp4-_f_586_jpg.rf.63f66c1186352715e0854555f149a4f1.jpg, 1, 0, 0, 0
c_44_v_-video_1373-mp4-_f_201_jpg.rf.6380cafd541605d895bcc6b2107b4986.jpg, 0, 1, 0, 0
c_6_v_-video_90-mp4-_f_684_jpg.rf.64f72dc8f6ca797b6e32c1ac3e341f48.jpg, 1, 0, 0, 0
c_60_v_-video_1946-mp4-_f_1754_jpg.rf.644ebc3ecf41f197ecccdbcd0f850f17.jpg, 1, 0, 0, 0
c_23_v_-video_674-mp4-_f_41_jpg.rf.64fc4258acbdb9a61eac61c321896178.jpg, 1, 0, 0, 0
c_14_v_-video_401-mp4-_f_90_jpg.rf.65b15793e89efd876b062be8eef52923.jpg, 1, 0, 0, 0
c_45_v_-video_1386-mp4-_f_622_jpg.rf.65b481fc635f7f1ad7273e8f70bb3c75.jpg, 1, 0, 0, 0
c_44_v_-video_1377-mp4-_f_212_jpg.rf.63732b13abbede076c6f5ef6e4cc8639.jpg, 1, 0, 0, 0
c_45_v_-video_1386-mp4-_f_563_jpg.rf.66231ceff117276757cc4f082d6b5396.jpg, 1, 0, 0, 0
c_50_v_-video_1589-mp4-_f_109_jpg.rf.661bd9b8f946bbc4f9a6258a4f35fb0e.jpg, 0, 0, 1, 0
c_45_v_-video_1396-mp4-_f_1483_jpg.rf.666157f1301c501db6074983a0783c90.jpg, 1, 0, 0, 0
c_10_v_-video_186-mp4-_f_200_jpg.rf.66c49c32d10b28ba3e96ac13b3d746cf.jpg, 1, 0, 0, 0
c_14_v_-video_422-mp4-_f_59_jpg.rf.673ee653ec9b6072388d485dae9946ef.jpg, 1, 0, 0, 0
c_149_v_-video_4479-mp4-_f_1577_jpg.rf.677c815ca7a94b62b81527807270664f.jpg, 1, 0, 0, 0
c_9_v_-video_168-mp4-_f_517_jpg.rf.66e2177d3f4474426ce8eaf665859347.jpg, 1, 0, 0, 0
c_121_v_-video_3630-mp4-_f_37_jpg.rf.676489c01bfbdff9001464fa410876a0.jpg, 0, 0, 1, 0
c_127_v_-video_3756-mp4-_f_40_jpg.rf.68f1f88fe35da323c5468a6076f4c6c0.jpg, 0, 1, 0, 0
c_99_v_-video_3000-mp4-_f_51_jpg.rf.68003c6d6a2111ca04480e199ad6e8cb.jpg, 0, 0, 1, 0
c_60_v_-video_1946-mp4-_f_963_jpg.rf.692c6adb10f46c15f239ee30b2fff317.jpg, 1, 0, 0, 0
c_174_v_-video_5312-mp4-_f_1319_jpg.rf.6945ba0d9763f49de0d42ef7eaa37e9c.jpg, 1, 0, 0, 0
c_137_v_-video_4143-mp4-_f_639_jpg.rf.67f303bb47a70149129ebee5dafeed85.jpg, 1, 0, 0, 0
c_4_v_-video_48-mp4-_f_402_jpg.rf.685269b535726d8922c1a9ae5c031013.jpg, 1, 0, 0, 0
c_159_v_-video_4770-mp4-_f_4585_jpg.rf.696b8da74fd2de0274ef7b159ce5214a.jpg, 1, 0, 0, 0
c_46_v_-video_1405-mp4-_f_36_jpg.rf.6631c9876c781353fed6f3ab55022c3e.jpg, 0, 1, 0, 0
c_23_v_-video_672-mp4-_f_778_jpg.rf.69274aa37064fb59c2193115e7b2e344.jpg, 1, 0, 0, 0
c_100_v_-video_3062-mp4-_f_1458_jpg.rf.6a12301d8fcd3dc62773192d9e5d212f.jpg, 0, 0, 0, 1
c_114_v_-video_3461-mp4-_f_610_jpg.rf.6adc613ddc6e5e3be192089799626ab3.jpg, 1, 0, 0, 0
c_9_v_-video_168-mp4-_f_517_jpg.rf.6af63a5de119008abbd37a8fae7a0d27.jpg, 1, 0, 0, 0
c_141_v_-video_4299-mp4-_f_29_jpg.rf.6bc981b1d15ea270f324289a306f21ba.jpg, 1, 0, 0, 0
c_3_v_-video_25-mp4-_f_348_jpg.rf.6a1701ccc22b8d502622e1e660c9b58f.jpg, 0, 1, 0, 0
c_23_v_-video_672-mp4-_f_1268_jpg.rf.6b088cb39237778fafb7084a6456e9c0.jpg, 1, 0, 0, 0
c_76_v_-video_2364-mp4-_f_25_jpg.rf.6c30123cd17faf96f6bac9aa9f6984f1.jpg, 1, 0, 0, 0
c_45_v_-video_1386-mp4-_f_563_jpg.rf.6d4871e47550486bfc575e34453e8f7d.jpg, 1, 0, 0, 0
c_3_v_-video_29-mp4-_f_510_jpg.rf.6cfa58577f1f14c716a8a9ec951e24d0.jpg, 0, 1, 0, 0
c_15_v_-video_451-mp4-_f_251_jpg.rf.6caac74cdaf7f0ccb19ff714ed37978d.jpg, 0, 1, 0, 0
c_61_v_-video_1990-mp4-_f_194_jpg.rf.6dec3472b1d920d33b2d1078692e2fed.jpg, 0, 1, 0, 0
c_12_v_-video_365-mp4-_f_174_jpg.rf.6fb5f111ffeba8d50e1b2399435b3215.jpg, 1, 0, 0, 0
c_45_v_-video_1386-mp4-_f_753_jpg.rf.6edb87f422ffd5a488d78e6076be7f90.jpg, 1, 0, 0, 0
c_65_v_-video_2087-mp4-_f_2161_jpg.rf.714c5b5cb1d2c8e7056c85f0019b9865.jpg, 1, 0, 0, 0
c_72_v_-video_2199-mp4-_f_0_jpg.rf.6f164fc4de07cabea084cf301545ca18.jpg, 0, 0, 0, 1
c_25_v_-video_774-mp4-_f_772_jpg.rf.70af2647723505444f098e913d2ad643.jpg, 0, 1, 0, 0
c_9_v_-video_168-mp4-_f_515_jpg.rf.6ee5bad40546de218cc56952f931f9ed.jpg, 1, 0, 0, 0
c_144_v_-video_4371-mp4-_f_66_jpg.rf.6ce20919d1ce836f0a6a46ed98079a57.jpg, 0, 1, 0, 0
c_1_v_-video_7-mp4-_f_1299_jpg.rf.6fc9e30726ed3a2580527a540c5bf2ba.jpg, 0, 1, 0, 0
c_24_v_-video_693-mp4-_f_1495_jpg.rf.716e44413112c607f750d9d77e343f19.jpg, 1, 0, 0, 0
c_12_v_-video_368-mp4-_f_167_jpg.rf.6fef841e0a5608a12a5d4a8d460e5855.jpg, 1, 0, 0, 0
c_10_v_-video_188-mp4-_f_455_jpg.rf.71a85b2561bd3d3a94dfa7143344ce63.jpg, 1, 0, 0, 0
c_8_v_-video_148-mp4-_f_1079_jpg.rf.71b5a383d094390d5dda64eb5ad6c71d.jpg, 1, 0, 0, 0
c_20_v_-video_539-mp4-_f_305_jpg.rf.716c983c1a21c13816ccf9da90a67b80.jpg, 1, 0, 0, 1
c_100_v_-video_3062-mp4-_f_1458_jpg.rf.720d6f151772f3c1a2dcd6c45378be23.jpg, 0, 0, 0, 1
c_60_v_-video_1945-mp4-_f_52_jpg.rf.71b69df7771bfcfd8a60e05680a5551d.jpg, 0, 1, 0, 0
c_165_v_-video_5037-mp4-_f_1790_jpg.rf.729a38080dccaa53046085eb2972c9c4.jpg, 1, 0, 0, 0
c_31_v_-video_998-mp4-_f_85_jpg.rf.7269a39a35351d5e25311899641aaf4a.jpg, 1, 0, 0, 0
c_7_v_-video_130-mp4-_f_986_jpg.rf.73ab04ab43aa3b4aaded1a41b92af723.jpg, 1, 0, 0, 0
c_6_v_-video_112-mp4-_f_120_jpg.rf.7407e941ed4eaa6ae5c4dc5941f734f6.jpg, 1, 0, 0, 0
c_46_v_-video_1406-mp4-_f_81_jpg.rf.75f6ba7367d4b52c32b1b1c06a7d9c9f.jpg, 0, 1, 0, 0
c_8_v_-video_148-mp4-_f_973_jpg.rf.73ad28a37de27a080666cf62d81cd1c0.jpg, 1, 0, 0, 0
c_7_v_-video_134-mp4-_f_1093_jpg.rf.756572dfaaa3b588a616ffc07ac1da43.jpg, 0, 0, 0, 1
c_62_v_-video_2056-mp4-_f_312_jpg.rf.75f8f6aa5ac58130ef875328ce9da683.jpg, 1, 0, 0, 0
c_77_v_-video_2376-mp4-_f_938_jpg.rf.75eb4b02d5f38a10518f1dd80701a271.jpg, 1, 0, 0, 0
c_14_v_-video_400-mp4-_f_810_jpg.rf.767a9bcaccaef6ce4b6d381d2c984e96.jpg, 0, 0, 1, 0
c_102_v_-video_3130-mp4-_f_0_jpg.rf.72a75366d32c5d08469aa31833781054.jpg, 1, 0, 0, 0
c_20_v_-video_539-mp4-_f_800_jpg.rf.773e9ec566273c754f6fd8bfe50a613a.jpg, 1, 0, 0, 0
c_168_v_-video_5163-mp4-_f_264_jpg.rf.7680d195b7da0d80d0623c453607fc6a.jpg, 1, 0, 0, 0
c_97_v_-video_2915-mp4-_f_16_jpg.rf.7749173c6ff18fba23a88e3bfcb638a3.jpg, 1, 0, 0, 0
c_28_v_-video_903-mp4-_f_1761_jpg.rf.76e0d2392a65f613c71e291555c51bd7.jpg, 1, 0, 0, 0
c_120_v_-video_3599-mp4-_f_39_jpg.rf.77b639043b6166399dd0a7f040a0056c.jpg, 0, 0, 1, 0
c_70_v_-video_2178-mp4-_f_769_jpg.rf.77fc6e857b6d5ec850c67f7641f07bc3.jpg, 1, 0, 0, 0
c_49_v_-video_1561-mp4-_f_411_jpg.rf.7792440f465e8b0850717f2703a01232.jpg, 1, 0, 0, 0
c_23_v_-video_672-mp4-_f_1268_jpg.rf.7b13fdadf1f41d55c686347da359c528.jpg, 1, 0, 0, 0
c_31_v_-video_998-mp4-_f_85_jpg.rf.79e05acc4651d23d4f2f9e553ae68bc8.jpg, 1, 0, 0, 0
c_99_v_-video_2998-mp4-_f_256_jpg.rf.7a8e5739bd5a35e954c904f5fda74eab.jpg, 0, 0, 1, 0
c_3_v_-video_29-mp4-_f_510_jpg.rf.7a8c323ea154f310893e0aff57bfd0e9.jpg, 0, 1, 0, 0
c_25_v_-video_774-mp4-_f_1246_jpg.rf.7a181210d0dfcfa950d1634b2ff06417.jpg, 0, 0, 0, 1
c_8_v_-video_148-mp4-_f_2515_jpg.rf.7b6abf07f6d903df0ae5b6265619bedc.jpg, 1, 0, 0, 0
c_15_v_-video_454-mp4-_f_144_jpg.rf.7aba7d51e394f486bcd141e439aeddcb.jpg, 1, 0, 0, 0
c_28_v_-video_934-mp4-_f_288_jpg.rf.7be190196c2d3803995055bd34e72c05.jpg, 0, 0, 1, 0
c_7_v_-video_130-mp4-_f_100_jpg.rf.7bd8aeb91809560cee09eb26cad8c983.jpg, 1, 0, 0, 0
c_169_v_-video_5210-mp4-_f_102_jpg.rf.7b5ace57ab7aee75be5e1bdd26873d14.jpg, 1, 0, 0, 0
c_114_v_-video_3461-mp4-_f_610_jpg.rf.7bed052b604cc546a3eb6b74a19b079b.jpg, 1, 0, 0, 0
c_6_v_-video_95-mp4-_f_226_jpg.rf.7c1361720c83182f24597b88306a9454.jpg, 1, 0, 0, 0
c_1_v_-video_7-mp4-_f_1299_jpg.rf.7c0a1d652955773c98cb7e4f189bfa9a.jpg, 0, 1, 0, 0
c_157_v_-video_4727-mp4-_f_0_jpg.rf.7cadf68c0a8ac7d1438a6c9b2ee7b23b.jpg, 1, 0, 0, 0
c_99_v_-video_3041-mp4-_f_0_jpg.rf.7c4fe2bdf9435dd258539304b4b83756.jpg, 1, 0, 0, 0
c_41_v_-video_1297-mp4-_f_826_jpg.rf.7d81f99c87aa106d9236c85cf08369b1.jpg, 1, 0, 0, 0
c_27_v_-video_829-mp4-_f_0_jpg.rf.7d64ac2e8ae76593fcba939b664e8095.jpg, 0, 1, 0, 0
c_127_v_-video_3756-mp4-_f_40_jpg.rf.7d56cb608cbd48e05edc10013e8726ac.jpg, 0, 1, 0, 0
c_10_v_-video_185-mp4-_f_112_jpg.rf.7cf90234a712694e5fc387830943166c.jpg, 1, 0, 0, 0
c_65_v_-video_2087-mp4-_f_714_jpg.rf.7ed7c12605d0d57ebe8b9bcfcb4ab90e.jpg, 0, 1, 0, 0
c_60_v_-video_1945-mp4-_f_52_jpg.rf.7eef772f8495252a615d69f5ba98cf32.jpg, 0, 1, 0, 0
c_141_v_-video_4299-mp4-_f_29_jpg.rf.7c8afb0c1506e5bac4cb77d6c5b2ee6d.jpg, 1, 0, 0, 0
c_15_v_-video_449-mp4-_f_2374_jpg.rf.7edeb1694b8f023c9c9124a98700a71e.jpg, 1, 0, 0, 0
c_97_v_-video_2912-mp4-_f_71_jpg.rf.7d95742be279c8baf66acc82b9e4f71f.jpg, 0, 1, 0, 0
c_34_v_-video_1099-mp4-_f_5_jpg.rf.7fa9965fe58112295a0df1c357b82c8e.jpg, 1, 0, 0, 0
c_44_v_-video_1373-mp4-_f_201_jpg.rf.7fbec47a8a84688dc57df17ec1ad5058.jpg, 0, 1, 0, 0
c_127_v_-video_3756-mp4-_f_40_jpg.rf.7f2e5fb35db568185e263e90b2881e0c.jpg, 0, 1, 0, 0
c_85_v_-video_2607-mp4-_f_733_jpg.rf.80622ad697cbdc07dba1856f823cdc03.jpg, 0, 0, 1, 1
c_77_v_-video_2376-mp4-_f_578_jpg.rf.7feb539f65580b8a54254eba65c50e39.jpg, 1, 0, 0, 0
c_102_v_-video_3124-mp4-_f_97_jpg.rf.7fc19927b7e039ba52042e254bcf336c.jpg, 1, 0, 0, 0
c_76_v_-video_2330-mp4-_f_161_jpg.rf.805811e4b77a9f91f434d6f4e501bea1.jpg, 0, 0, 1, 0
c_3_v_-video_29-mp4-_f_443_jpg.rf.809b793a409c32f19e902a36bd322d9a.jpg, 0, 1, 0, 0
c_8_v_-video_145-mp4-_f_496_jpg.rf.801a6f637542863aec5ef61a45dce9c1.jpg, 0, 0, 1, 0
c_1_v_-video_17-mp4-_f_530_jpg.rf.80bea1a46556c494087b5b8f40cce22e.jpg, 0, 1, 0, 0
c_43_v_-video_1366-mp4-_f_0_jpg.rf.80a7de8d5a421dcba11ef2841d91b1aa.jpg, 0, 0, 1, 0
c_59_v_-video_1898-mp4-_f_1838_jpg.rf.818d0e7354be87aa46e8856a8f122713.jpg, 1, 0, 0, 0
c_165_v_-video_5035-mp4-_f_13_jpg.rf.81f9f2620acdd2dd34cb07979e57e33f.jpg, 0, 1, 0, 0
c_8_v_-video_146-mp4-_f_344_jpg.rf.81e16628e20a2599288301721286c4ab.jpg, 1, 0, 0, 0
c_14_v_-video_401-mp4-_f_90_jpg.rf.817e9d8fcf43718dcff4072adf329fdd.jpg, 1, 0, 0, 0
c_76_v_-video_2329-mp4-_f_1012_jpg.rf.819620b1ba5f3c6efcf521bed2615029.jpg, 1, 0, 0, 0
c_97_v_-video_2912-mp4-_f_71_jpg.rf.820d7f858dc2665671446abc17212d24.jpg, 0, 1, 0, 0
c_15_v_-video_449-mp4-_f_2831_jpg.rf.82f39ad90670c4aeb1214b6ca386adb7.jpg, 1, 0, 0, 0
c_9_v_-video_172-mp4-_f_0_jpg.rf.8308f0cdaa664c814a1c017fed888ec3.jpg, 1, 0, 0, 0
c_9_v_-video_168-mp4-_f_1146_jpg.rf.8338cc92d5a83e174c529583d280d365.jpg, 1, 0, 0, 0
c_10_v_-video_182-mp4-_f_494_jpg.rf.8332b414d2b5729290e921f78df2d26d.jpg, 1, 0, 0, 0
c_6_v_-video_89-mp4-_f_177_jpg.rf.83679ba327facca8599b315680553abe.jpg, 1, 0, 0, 0
c_15_v_-video_449-mp4-_f_2831_jpg.rf.840a53e26691cead85866867edd644a8.jpg, 1, 0, 0, 0
c_145_v_-video_4391-mp4-_f_27_jpg.rf.8446f162ba5eee5db4b788bc7ae61a94.jpg, 1, 0, 0, 0
c_1_v_-video_7-mp4-_f_1299_jpg.rf.8420898c346048eacbf6f1f676759e72.jpg, 0, 1, 0, 0
c_52_v_-video_1656-mp4-_f_2711_jpg.rf.84ed81f7f1961ba1875d5fa7b55c2485.jpg, 1, 0, 0, 0
c_146_v_-video_4412-mp4-_f_43_jpg.rf.8399c08efdd4f7ba7ce0a8d25972dedf.jpg, 1, 0, 0, 0
c_20_v_-video_539-mp4-_f_800_jpg.rf.85100176b22ad7ae79bc68df31ea5a18.jpg, 1, 0, 0, 0
c_65_v_-video_2087-mp4-_f_1648_jpg.rf.860dc2502e49f46354fbc59715dd136b.jpg, 1, 0, 0, 0
c_45_v_-video_1396-mp4-_f_2895_jpg.rf.859d5f87eeb8f03e6bd1c29e1eb1d599.jpg, 1, 0, 0, 0
c_85_v_-video_2607-mp4-_f_733_jpg.rf.86eddcf5386f43e5d6c88c6d6382db88.jpg, 0, 0, 1, 1
c_146_v_-video_4412-mp4-_f_43_jpg.rf.8734f784d18cd2680f4b44519269560c.jpg, 1, 0, 0, 0
c_23_v_-video_672-mp4-_f_778_jpg.rf.8617facd239f972732e7aa95b5aee886.jpg, 1, 0, 0, 0
c_23_v_-video_672-mp4-_f_195_jpg.rf.86fbbc933917621fc851b5ade7cd227f.jpg, 1, 0, 0, 0
c_141_v_-video_4253-mp4-_f_205_jpg.rf.86f077474e53c7aff63a11189d2168e7.jpg, 0, 0, 1, 0
c_39_v_-video_1263-mp4-_f_1769_jpg.rf.891bfb0c1e6a32bf51ab32e072726e2d.jpg, 1, 0, 0, 0
c_92_v_-video_2787-mp4-_f_462_jpg.rf.87aeede686ee4c4063cc2514884a4707.jpg, 0, 1, 0, 0
c_69_v_-video_2171-mp4-_f_40_jpg.rf.89004cb0c98b50b71f0f0f8dd0d65903.jpg, 1, 0, 0, 0
c_6_v_-video_112-mp4-_f_120_jpg.rf.8903b73b43490fcfbe09e3cba9c1b7ac.jpg, 1, 0, 0, 0
c_23_v_-video_674-mp4-_f_41_jpg.rf.8977204979c3b47311b4cd6d31aff1a4.jpg, 1, 0, 0, 0
c_12_v_-video_370-mp4-_f_25_jpg.rf.8896f1e2c082482e07aebc2f9875e5fd.jpg, 1, 0, 0, 0
c_173_v_-video_5306-mp4-_f_20_jpg.rf.8a5d0620be6e157739157d97681a340c.jpg, 1, 0, 0, 0
c_7_v_-video_130-mp4-_f_411_jpg.rf.8a13d75333a41e32860ddde6ff99e463.jpg, 1, 0, 0, 0
c_31_v_-video_997-mp4-_f_161_jpg.rf.89cca4097a60f6b56ae0ab403d1f500c.jpg, 1, 0, 0, 0
c_102_v_-video_3130-mp4-_f_0_jpg.rf.8ae85b4c1eaf8af337a60338fa4b6a71.jpg, 1, 0, 0, 0
c_8_v_-video_148-mp4-_f_2723_jpg.rf.8accfbc199163a984bceb5ef31f304da.jpg, 1, 0, 0, 0
c_43_v_-video_1363-mp4-_f_778_jpg.rf.8b68b8fe36769c2f80b39c4c1dc4a458.jpg, 0, 1, 0, 0
c_9_v_-video_168-mp4-_f_515_jpg.rf.8c827e40734a8be3af1f2545e70670e1.jpg, 1, 0, 0, 0
c_60_v_-video_1945-mp4-_f_366_jpg.rf.8b7959430e1d843b265223def105b7a4.jpg, 0, 1, 0, 0
c_24_v_-video_693-mp4-_f_1606_jpg.rf.8d6778c58037908ba0bc834c07709608.jpg, 1, 0, 0, 0
c_60_v_-video_1946-mp4-_f_963_jpg.rf.8c98106c5e113047a1f850a53773e07a.jpg, 1, 0, 0, 0
c_14_v_-video_425-mp4-_f_118_jpg.rf.8d705833d4462e3fba4660b84ee3d73c.jpg, 1, 0, 0, 0
c_170_v_-video_5222-mp4-_f_64_jpg.rf.8bd8a3f9fcb0b496eccfdc3bffd388b2.jpg, 0, 0, 1, 0
c_25_v_-video_774-mp4-_f_772_jpg.rf.8f36af351362fbd30ccd9b7f38fb9a73.jpg, 0, 1, 0, 0
c_40_v_-video_1286-mp4-_f_126_jpg.rf.8b49bc06f869ffb38d710ca398ff8a8c.jpg, 1, 0, 0, 0
c_8_v_-video_146-mp4-_f_344_jpg.rf.8df0c46af12282c93c2447d8e827ce8c.jpg, 1, 0, 0, 0
c_10_v_-video_184-mp4-_f_22_jpg.rf.8e8569cfdfdd5f2b892c280682890364.jpg, 1, 0, 0, 0
c_174_v_-video_5312-mp4-_f_1125_jpg.rf.8f4a0ecdfbb65d8f524973cb1c3e846d.jpg, 1, 0, 0, 0
c_102_v_-video_3119-mp4-_f_1311_jpg.rf.8ff4fd9ef64db53b373b11487d5ce08d.jpg, 1, 0, 0, 0
c_145_v_-video_4391-mp4-_f_27_jpg.rf.912b1ce8a4bd548232d70197508cc492.jpg, 1, 0, 0, 0
c_62_v_-video_2045-mp4-_f_363_jpg.rf.8f1e5c3b19b06de2fe0668ed508e6c08.jpg, 1, 0, 0, 0
c_42_v_-video_1322-mp4-_f_471_jpg.rf.90f2923ec856e372da75743818c13857.jpg, 0, 1, 0, 0
c_6_v_-video_89-mp4-_f_177_jpg.rf.8ff5d6cd7bf6cf7e0661c137e81eeb17.jpg, 1, 0, 0, 0
c_31_v_-video_1004-mp4-_f_869_jpg.rf.9043922f53594480fede4e960440a346.jpg, 0, 0, 1, 0
c_117_v_-video_3530-mp4-_f_811_jpg.rf.919695933f2e2236acef8bed251400f1.jpg, 1, 0, 0, 0
c_20_v_-video_539-mp4-_f_800_jpg.rf.919b87aa82e28d499f5ad53685b54ef3.jpg, 1, 0, 0, 0
c_15_v_-video_454-mp4-_f_144_jpg.rf.92ce748e7f74071a8f90af4132b2a511.jpg, 1, 0, 0, 0
c_157_v_-video_4727-mp4-_f_0_jpg.rf.919d1d526e29726bc5254ea4df29d98f.jpg, 1, 0, 0, 0
c_28_v_-video_907-mp4-_f_73_jpg.rf.92ca454e90352992d33f880af5e90a8f.jpg, 1, 0, 0, 0
c_99_v_-video_2998-mp4-_f_73_jpg.rf.930d856b918a0b81f4c9b4e313764554.jpg, 0, 0, 1, 0
c_33_v_-video_1058-mp4-_f_1427_jpg.rf.91da698ab7938becf855664916d1c75f.jpg, 1, 0, 0, 0
c_165_v_-video_5033-mp4-_f_547_jpg.rf.926937ed3229c0e2625f46679aab2b99.jpg, 1, 0, 0, 0
c_170_v_-video_5222-mp4-_f_64_jpg.rf.92320648ccb6c138e74a4b6cd7160c64.jpg, 0, 0, 1, 0
c_6_v_-video_89-mp4-_f_177_jpg.rf.938ab97fd7ff2d60361a13c3a1d59b09.jpg, 1, 0, 0, 0
c_6_v_-video_84-mp4-_f_459_jpg.rf.94a04c5a9ac8b7057ecdcfe85a0cd459.jpg, 1, 0, 0, 0
c_33_v_-video_1058-mp4-_f_1254_jpg.rf.955e13a6ae64febe6ebf59f2d1d3e0d1.jpg, 0, 0, 1, 0
c_93_v_-video_2824-mp4-_f_383_jpg.rf.95dd0261894f817cd061d88726d1701e.jpg, 1, 0, 0, 0
c_6_v_-video_89-mp4-_f_511_jpg.rf.961c13c5befaa4792028482de40375bf.jpg, 1, 0, 0, 0
c_27_v_-video_829-mp4-_f_0_jpg.rf.9678399d45ac0354b511dfe3cd57ae70.jpg, 0, 1, 0, 0
c_40_v_-video_1286-mp4-_f_126_jpg.rf.9927c107ff1a30076729e261bacb4fee.jpg, 1, 0, 0, 0
c_51_v_-video_1638-mp4-_f_1710_jpg.rf.98b20bddbf2ba14aed9645e8733ad2e7.jpg, 1, 0, 0, 0
c_85_v_-video_2607-mp4-_f_284_jpg.rf.00a4db84845d89736ec9c9e4c7c5de48.jpg, 0, 0, 1, 1
c_6_v_-video_95-mp4-_f_226_jpg.rf.0248b1d341169ce03573511d4f651754.jpg, 1, 0, 0, 0
c_57_v_-video_1790-mp4-_f_557_jpg.rf.0280db47997978216e7bbc182f740b81.jpg, 0, 0, 1, 0
c_51_v_-video_1640-mp4-_f_643_jpg.rf.0297f0289605d53f5e734b398e6283b9.jpg, 0, 0, 1, 0
c_172_v_-video_5281-mp4-_f_1193_jpg.rf.02ce48c58eab9e484b8a488adaf69385.jpg, 1, 0, 0, 0
c_42_v_-video_1320-mp4-_f_653_jpg.rf.025a620442c421ec3d6427ba6fcfbe6a.jpg, 1, 0, 1, 0
c_20_v_-video_539-mp4-_f_16_jpg.rf.0233fc06814bfef049915cb6b0105c33.jpg, 1, 0, 0, 0
c_25_v_-video_777-mp4-_f_33_jpg.rf.0158aed500b7d367bcd5dfaa135acf19.jpg, 1, 0, 0, 0
c_85_v_-video_2607-mp4-_f_733_jpg.rf.043ca0e52bc071883dc9962c1d91b21d.jpg, 0, 0, 1, 1
c_5_v_-video_62-mp4-_f_681_jpg.rf.0382dbf93319aa4a8af688030fe4ad1b.jpg, 1, 0, 0, 0
c_150_v_-video_4517-mp4-_f_109_jpg.rf.05fd92d7c739a97d1da13a5c412d8b29.jpg, 1, 0, 0, 0
c_57_v_-video_1790-mp4-_f_557_jpg.rf.04e3dbda1cc9bd83108b0086aa9cdfce.jpg, 0, 0, 1, 0
c_22_v_-video_631-mp4-_f_358_jpg.rf.03ee5d3be3ca9b4e760334f129c01574.jpg, 1, 0, 0, 0
c_20_v_-video_539-mp4-_f_560_jpg.rf.05908dd5a5bacf7625e20d60ed85574f.jpg, 1, 0, 0, 0
c_25_v_-video_774-mp4-_f_772_jpg.rf.04f3773c80b68297631efeeac6182682.jpg, 0, 1, 0, 0
c_52_v_-video_1656-mp4-_f_2711_jpg.rf.06557f8ccaea1bb42ba07d371bb864a3.jpg, 1, 0, 0, 0
c_60_v_-video_1945-mp4-_f_366_jpg.rf.07d4f5c93a1e2dce43d68639e31ce3ba.jpg, 0, 1, 0, 0
c_31_v_-video_1002-mp4-_f_91_jpg.rf.0696143ce57d95207e6673e04ab96dd1.jpg, 0, 1, 0, 0
c_144_v_-video_4371-mp4-_f_66_jpg.rf.0956ed9ed3345c1089f3dbbc0bdf14e7.jpg, 0, 1, 0, 0
c_3_v_-video_27-mp4-_f_163_jpg.rf.080c6c5a6f78b55b93484e89b6e9281c.jpg, 0, 1, 0, 0
c_44_v_-video_1377-mp4-_f_212_jpg.rf.06b4f8e06f26c19e4ff98dca9c805df7.jpg, 1, 0, 0, 0
c_51_v_-video_1640-mp4-_f_643_jpg.rf.08fc0f74fd7a610e058da9ba0bbde191.jpg, 0, 0, 1, 0
c_49_v_-video_1561-mp4-_f_202_jpg.rf.091b6e8f6e9e4de34a7310ca17f1ee6c.jpg, 1, 0, 0, 0
c_125_v_-video_3726-mp4-_f_247_jpg.rf.096106ec5632114e8c9568e943d61836.jpg, 0, 0, 1, 0
c_178_v_-video_5419-mp4-_f_794_jpg.rf.0a8319684f1a2c0eb0a97aace92e4851.jpg, 1, 0, 0, 0
c_65_v_-video_2087-mp4-_f_2161_jpg.rf.092459df55b0259451bccd9470ed4139.jpg, 1, 0, 0, 0
c_8_v_-video_148-mp4-_f_2515_jpg.rf.0a5aedb2a7ebec45a2ec5eb0d3b178db.jpg, 1, 0, 0, 0
c_15_v_-video_451-mp4-_f_251_jpg.rf.0b627bffd38ea79942ed3d6534860d35.jpg, 0, 1, 0, 0
c_15_v_-video_449-mp4-_f_2374_jpg.rf.0bdea57f7407d8886bffdddd655e639e.jpg, 1, 0, 0, 0
c_77_v_-video_2383-mp4-_f_171_jpg.rf.0b0471bf2ae7a0040cabfb77e1922548.jpg, 1, 0, 0, 0
c_24_v_-video_693-mp4-_f_1606_jpg.rf.0c798ca6faf8d8fb7fd6f81b2c6173f6.jpg, 1, 0, 0, 0
c_28_v_-video_903-mp4-_f_1330_jpg.rf.0c933dee63f3983ce9b5b43e5bb54661.jpg, 1, 0, 0, 0
c_62_v_-video_2045-mp4-_f_846_jpg.rf.0e445019b515365f1f1993a861cc490b.jpg, 1, 0, 0, 0
c_65_v_-video_2087-mp4-_f_714_jpg.rf.0ee41a3cc829135b7d883f068c0eba2f.jpg, 0, 1, 0, 0
c_3_v_-video_25-mp4-_f_238_jpg.rf.0d7527d77549c6b0a184d67b32093b16.jpg, 0, 1, 0, 0
c_50_v_-video_1589-mp4-_f_220_jpg.rf.0f00497583421dfb267a63336d08e138.jpg, 0, 0, 1, 0
c_165_v_-video_5046-mp4-_f_962_jpg.rf.0f9af9ea19673fb0636334c952bbefc7.jpg, 1, 0, 0, 0
c_28_v_-video_905-mp4-_f_53_jpg.rf.0f00cffe0525f9001a333638fc5eac6b.jpg, 0, 0, 0, 1
c_25_v_-video_776-mp4-_f_1436_jpg.rf.0b2025b55fd5389d09dbd62e5d92c406.jpg, 1, 0, 0, 0
c_70_v_-video_2176-mp4-_f_308_jpg.rf.108c3642d1deddaa95125c7e36332d9d.jpg, 1, 0, 0, 0
c_3_v_-video_27-mp4-_f_338_jpg.rf.0f95a8cbe0750c557f12a33bd188f255.jpg, 1, 0, 0, 0
c_14_v_-video_400-mp4-_f_810_jpg.rf.0fb9bb761c8f9544a9fcd92e1d1db450.jpg, 0, 0, 1, 0
c_12_v_-video_365-mp4-_f_174_jpg.rf.10839ab90579e7446c5bed2eba64caa9.jpg, 1, 0, 0, 0
c_12_v_-video_370-mp4-_f_67_jpg.rf.10f219e840c65df26bc4f5d176b82f33.jpg, 1, 0, 0, 0
c_150_v_-video_4520-mp4-_f_132_jpg.rf.11c5ef0d6b1cf950db863a0bc9b4b3ce.jpg, 1, 0, 0, 0
c_149_v_-video_4479-mp4-_f_1577_jpg.rf.1488d34c53125f500780fd6415a82a5a.jpg, 1, 0, 0, 0
c_20_v_-video_539-mp4-_f_16_jpg.rf.11267c888dadba57c47591a44076c1a3.jpg, 1, 0, 0, 0
c_51_v_-video_1638-mp4-_f_1710_jpg.rf.14c8216e6aa1cd76a900e685988db041.jpg, 1, 0, 0, 0
c_45_v_-video_1396-mp4-_f_1483_jpg.rf.11f5216de3349b84a657543b230ee2ee.jpg, 1, 0, 0, 0
c_23_v_-video_674-mp4-_f_837_jpg.rf.1404cd0c989a285b68aa4e1832d0baa0.jpg, 1, 0, 0, 0
c_165_v_-video_5046-mp4-_f_117_jpg.rf.1321b5e843fb3a334636682edcea2b66.jpg, 1, 0, 0, 0
c_135_v_-video_4058-mp4-_f_1_jpg.rf.13b6cc18f0234e8ae491a88de3a2adb6.jpg, 0, 1, 0, 0
c_9_v_-video_168-mp4-_f_517_jpg.rf.14f9bcea033d5949dae167694ce7edb6.jpg, 1, 0, 0, 0
c_23_v_-video_672-mp4-_f_1006_jpg.rf.11aa1db3effdb1abe829ed1edc936c95.jpg, 1, 0, 0, 0
c_25_v_-video_776-mp4-_f_750_jpg.rf.121221a331b40507da79538eb95ec7bc.jpg, 1, 0, 0, 0
c_25_v_-video_774-mp4-_f_1246_jpg.rf.15a2bf2f92c6e4cb2fe1ade231b1269a.jpg, 0, 0, 0, 1
c_65_v_-video_2087-mp4-_f_278_jpg.rf.158913b652d124f8450e2753e45b9cb1.jpg, 1, 0, 0, 0
c_65_v_-video_2087-mp4-_f_66_jpg.rf.173d19009bbcaf8c1a9c1342f09f32e4.jpg, 1, 0, 0, 0
c_58_v_-video_1853-mp4-_f_510_jpg.rf.166427d8047d4872041c04ba3144054b.jpg, 1, 0, 1, 0
c_6_v_-video_112-mp4-_f_120_jpg.rf.12f93febda58ece6394fb9a0076befd4.jpg, 1, 0, 0, 0
c_22_v_-video_631-mp4-_f_358_jpg.rf.16beb5608b83dbf6bc680bffd425bb6a.jpg, 1, 0, 0, 0
c_150_v_-video_4518-mp4-_f_28_jpg.rf.171e1e62e1276812c241f88a82a45dcb.jpg, 1, 0, 0, 0
c_77_v_-video_2383-mp4-_f_171_jpg.rf.16f422d263af623291f8f14abab4d831.jpg, 1, 0, 0, 0
c_28_v_-video_905-mp4-_f_53_jpg.rf.151e578d23e7a4ecf7a42c9c5c457114.jpg, 0, 0, 0, 1
c_65_v_-video_2087-mp4-_f_918_jpg.rf.17d006743880274fcc7dd07f696a60fc.jpg, 1, 0, 0, 0
c_40_v_-video_1277-mp4-_f_411_jpg.rf.182c5b44fad273994cd898063bbad1d7.jpg, 1, 0, 1, 0
c_6_v_-video_95-mp4-_f_226_jpg.rf.19521760d8686d1e059898311e50ff93.jpg, 1, 0, 0, 0
c_170_v_-video_5222-mp4-_f_64_jpg.rf.1944abb67a41150e85a2224bb77243c3.jpg, 0, 0, 1, 0
c_125_v_-video_3726-mp4-_f_247_jpg.rf.180d005e7d74e1e74f6c2949671e7f7a.jpg, 0, 0, 1, 0
c_92_v_-video_2749-mp4-_f_25_jpg.rf.17c86501df40c1e9688fcf5d5141166d.jpg, 0, 1, 0, 0
c_22_v_-video_634-mp4-_f_22_jpg.rf.194696aa39740a69bb43290381b1500c.jpg, 1, 0, 0, 0
c_65_v_-video_2087-mp4-_f_1648_jpg.rf.1ada9794ce4b0cd7c68175253237c718.jpg, 1, 0, 0, 0
c_150_v_-video_4520-mp4-_f_132_jpg.rf.1ab7fa6d857ef8d906a27ac32bcf399f.jpg, 1, 0, 0, 0
c_165_v_-video_5038-mp4-_f_161_jpg.rf.196e2c68cc60b8e7ff6ae3a04b96eb10.jpg, 1, 0, 0, 0
c_77_v_-video_2383-mp4-_f_171_jpg.rf.189b375c21c585a94cc13156f073714e.jpg, 1, 0, 0, 0
c_46_v_-video_1406-mp4-_f_81_jpg.rf.1c37800075f8005400bddc6ffbae94a3.jpg, 0, 1, 0, 0
c_20_v_-video_539-mp4-_f_560_jpg.rf.1a05b9e251df97171e4af5d5b10e7e0c.jpg, 1, 0, 0, 0
c_62_v_-video_2045-mp4-_f_363_jpg.rf.1b3b11c94f5655c42fc600c48d561fd4.jpg, 1, 0, 0, 0
c_25_v_-video_776-mp4-_f_750_jpg.rf.1b98214c764c6b10c202a0b6097b75af.jpg, 1, 0, 0, 0
c_174_v_-video_5312-mp4-_f_1125_jpg.rf.1c9b6b3757ea9181546e18728113e895.jpg, 1, 0, 0, 0
c_34_v_-video_1099-mp4-_f_261_jpg.rf.1cc3aeea91eb1760edb1fece1623d15c.jpg, 1, 0, 0, 0
c_28_v_-video_934-mp4-_f_288_jpg.rf.1cec2c8e863e51ec6ed3884b9c687994.jpg, 0, 0, 1, 0
c_141_v_-video_4257-mp4-_f_272_jpg.rf.1cc1b09d76996c7b118ee40d50ee91c2.jpg, 1, 0, 0, 0
c_6_v_-video_89-mp4-_f_511_jpg.rf.1d0c26d7053f8e536b359099bb815963.jpg, 1, 0, 0, 0
c_7_v_-video_130-mp4-_f_1360_jpg.rf.1ced8d5dcfbb8e0640f9308b0dfd54b4.jpg, 0, 0, 0, 1
c_20_v_-video_539-mp4-_f_201_jpg.rf.1e02a4494613822d8f10b1698691fadc.jpg, 0, 0, 0, 1
c_23_v_-video_672-mp4-_f_195_jpg.rf.1e933de44579f6ffb28f306715b1adcc.jpg, 1, 0, 0, 0
c_165_v_-video_5033-mp4-_f_547_jpg.rf.1d7aa7c4aaf1a9eea7724a948f76992f.jpg, 1, 0, 0, 0
c_87_v_-video_2641-mp4-_f_163_jpg.rf.1eedb1ffc2ef4ebacc6f63d46b2bbd2c.jpg, 0, 1, 0, 0
c_70_v_-video_2178-mp4-_f_769_jpg.rf.1e9331e290e841c591f05475ef647b97.jpg, 1, 0, 0, 0
c_42_v_-video_1323-mp4-_f_183_jpg.rf.1ed54c832143c97d988663274eb03092.jpg, 0, 0, 1, 0
c_178_v_-video_5419-mp4-_f_794_jpg.rf.1fc5f32b81c8b7ce1295ccf5c18deed8.jpg, 1, 0, 0, 0
c_79_v_-video_2405-mp4-_f_42_jpg.rf.1e3c50e8b8f84f8edc25fd618f5ac996.jpg, 1, 0, 0, 0
c_150_v_-video_4517-mp4-_f_109_jpg.rf.1f060b72037126b249790c1d5b8892c8.jpg, 1, 0, 0, 0
c_22_v_-video_632-mp4-_f_2825_jpg.rf.2169053aa6d4810a13430e069b39f075.jpg, 1, 0, 0, 0
c_121_v_-video_3630-mp4-_f_37_jpg.rf.21220f4b5a809db9bcf372254965d871.jpg, 0, 0, 1, 0
c_40_v_-video_1288-mp4-_f_17_jpg.rf.203e0b181594036ef33e2c3012c99022.jpg, 1, 0, 0, 0
c_165_v_-video_5046-mp4-_f_117_jpg.rf.21e29109577325ac1711a72a33af442b.jpg, 1, 0, 0, 0
c_6_v_-video_84-mp4-_f_695_jpg.rf.20391484e71309c912c31566ee568926.jpg, 1, 0, 0, 0
c_31_v_-video_1002-mp4-_f_91_jpg.rf.21d10417301c98227b6463d9122b75e5.jpg, 0, 1, 0, 0
c_7_v_-video_130-mp4-_f_1233_jpg.rf.224800031571d068070b4f3014044fc2.jpg, 0, 0, 0, 1
c_31_v_-video_998-mp4-_f_85_jpg.rf.228309b0c17e01e4650cc44c091c9989.jpg, 1, 0, 0, 0
c_40_v_-video_1281-mp4-_f_262_jpg.rf.21ebfd82c9ef7237adc4cb2e5d3f2947.jpg, 0, 0, 1, 0
c_85_v_-video_2607-mp4-_f_284_jpg.rf.22ea06871bfb52da21b3d541bbb01964.jpg, 0, 0, 1, 1
c_61_v_-video_1990-mp4-_f_194_jpg.rf.1ddeeb974004195e302b2067bc9ba9ac.jpg, 0, 1, 0, 0
c_162_v_-video_4957-mp4-_f_230_jpg.rf.233cca95dc87979e0f3c2832e46e0ced.jpg, 1, 0, 0, 0
c_44_v_-video_1373-mp4-_f_1199_jpg.rf.246db01c36540d41b0fe529a9520fe6e.jpg, 1, 0, 0, 0
c_137_v_-video_4143-mp4-_f_639_jpg.rf.24cfc39f75b157b0a1ad3dc143ee5eb4.jpg, 1, 0, 0, 0
c_31_v_-video_1002-mp4-_f_91_jpg.rf.24457c5b5bf3582bbe352c27b243b6d8.jpg, 0, 1, 0, 0
c_3_v_-video_27-mp4-_f_163_jpg.rf.252be24eb0e0b7a50c52557d1df47c9d.jpg, 0, 1, 0, 0
c_9_v_-video_168-mp4-_f_1146_jpg.rf.250d1644627b8c4c5be260a51f018cf3.jpg, 1, 0, 0, 0
c_50_v_-video_1589-mp4-_f_220_jpg.rf.258c0181ce01595c7261f6251f1b326c.jpg, 0, 0, 1, 0
c_65_v_-video_2087-mp4-_f_278_jpg.rf.253a7987a414fa928b2593d72ffb263d.jpg, 1, 0, 0, 0
c_141_v_-video_4257-mp4-_f_115_jpg.rf.248eb2a59faa2c20cdf73cb517e2f9ee.jpg, 1, 0, 0, 0
c_3_v_-video_27-mp4-_f_338_jpg.rf.26c875424e3233b02b2bbe974042060e.jpg, 1, 0, 0, 0
c_10_v_-video_182-mp4-_f_494_jpg.rf.253eacc13ba5446a92391792be99438f.jpg, 1, 0, 0, 0
c_174_v_-video_5312-mp4-_f_1125_jpg.rf.25c8657f8b4cb41e19dfb31c12c8c9cd.jpg, 1, 0, 0, 0
c_77_v_-video_2376-mp4-_f_817_jpg.rf.27300abcf918d2c080ecb09cc9c1d256.jpg, 1, 0, 0, 0
c_43_v_-video_1363-mp4-_f_2080_jpg.rf.26ec11c61029b20f7aadf32f458ffe2a.jpg, 0, 0, 1, 0
c_120_v_-video_3598-mp4-_f_713_jpg.rf.273055753c6bc91791b4891eefa3ff98.jpg, 1, 0, 0, 0
c_165_v_-video_5038-mp4-_f_161_jpg.rf.27dd568c9ea65305d30769a2c97246a6.jpg, 1, 0, 0, 0
c_8_v_-video_148-mp4-_f_2723_jpg.rf.25e5704b540a112f3d002db66515cfb9.jpg, 1, 0, 0, 0
c_8_v_-video_148-mp4-_f_973_jpg.rf.275d16e2697d8a14b74c6dce1db290c6.jpg, 1, 0, 0, 0
c_150_v_-video_4518-mp4-_f_28_jpg.rf.2817f225d4863c14868691f394ad4121.jpg, 1, 0, 0, 0
c_3_v_-video_25-mp4-_f_238_jpg.rf.280c9ee8e5a063f80777eea4fcc70887.jpg, 0, 1, 0, 0
c_3_v_-video_27-mp4-_f_338_jpg.rf.28414aaaba3940632b0f4e10c810fc73.jpg, 1, 0, 0, 0
c_7_v_-video_130-mp4-_f_1360_jpg.rf.2818dc41f603ebc5d1593910a10f55db.jpg, 0, 0, 0, 1
c_48_v_-video_1525-mp4-_f_759_jpg.rf.28832beb560a9d979e545558493920f3.jpg, 1, 0, 0, 0
c_62_v_-video_2045-mp4-_f_846_jpg.rf.27de8dc377ee2798dc51c85dec5b9353.jpg, 1, 0, 0, 0
c_23_v_-video_674-mp4-_f_1579_jpg.rf.28e3d5d7fc0dfbf5352d2f7730d85ed9.jpg, 1, 0, 0, 0
c_65_v_-video_2087-mp4-_f_2155_jpg.rf.2861c303b5e464388cddff9e89188b53.jpg, 1, 0, 0, 0
c_34_v_-video_1099-mp4-_f_261_jpg.rf.2938ddc311f24cd6b0d170e44c522934.jpg, 1, 0, 0, 0
c_33_v_-video_1058-mp4-_f_1034_jpg.rf.291c4d305715dc1f10c50280f926bc93.jpg, 1, 0, 0, 0
c_39_v_-video_1263-mp4-_f_1769_jpg.rf.29ef46f55f7445e6c6e22105283a73b6.jpg, 1, 0, 0, 0
c_25_v_-video_777-mp4-_f_33_jpg.rf.2a673666d2bb3ff8932b87b68cbed37d.jpg, 1, 0, 0, 0
c_7_v_-video_134-mp4-_f_1716_jpg.rf.2ae0ff9871abc409fe973ee02110b2c8.jpg, 0, 0, 0, 1
c_43_v_-video_1366-mp4-_f_0_jpg.rf.2da10e1bc7832bf655ece7fb58d1430e.jpg, 0, 0, 1, 0
c_25_v_-video_774-mp4-_f_608_jpg.rf.2d1059e066076aa8bcc620f7a6e0f713.jpg, 1, 0, 0, 0
c_65_v_-video_2087-mp4-_f_714_jpg.rf.2e068cd77d707a0b41f2adc0bd4658d2.jpg, 0, 1, 0, 0
c_7_v_-video_134-mp4-_f_2323_jpg.rf.2cf053f0710ff56884a1e64bbd1a908a.jpg, 0, 0, 0, 1
c_37_v_-video_1229-mp4-_f_36_jpg.rf.2f1399593b1ab16f70dd38ca79eae1c8.jpg, 0, 0, 1, 0
c_22_v_-video_631-mp4-_f_358_jpg.rf.2ef2aaf65c3404519ad1da2d45853ee6.jpg, 1, 0, 0, 0
c_48_v_-video_1525-mp4-_f_685_jpg.rf.2fdbdf4ee754a601d23e68e5f37168ee.jpg, 0, 0, 1, 0
c_88_v_-video_2665-mp4-_f_2058_jpg.rf.2eaff4ea7e9246976c1333b5849fe8bb.jpg, 1, 0, 0, 0
c_77_v_-video_2383-mp4-_f_54_jpg.rf.30ad98b4bcadf6785ad9ba4b1e447c0b.jpg, 1, 0, 0, 0
c_46_v_-video_1406-mp4-_f_209_jpg.rf.30fd9f2919a9ff914626fd73181a7158.jpg, 1, 0, 0, 0
c_8_v_-video_148-mp4-_f_973_jpg.rf.3048d6b8095cb8e85fcef85e5e651ee6.jpg, 1, 0, 0, 0
c_50_v_-video_1589-mp4-_f_109_jpg.rf.31a39a8c0ed5b5e585a911985552f619.jpg, 0, 0, 1, 0
c_102_v_-video_3119-mp4-_f_185_jpg.rf.306b9e786ee18b319bdacb6a7866e1b7.jpg, 1, 0, 0, 0
c_45_v_-video_1386-mp4-_f_622_jpg.rf.3097b9c7294e5fb1d7dfc2e466366bb9.jpg, 1, 0, 0, 0
c_10_v_-video_185-mp4-_f_112_jpg.rf.31f2480562cccb385be77d8344e71a34.jpg, 1, 0, 0, 0
c_48_v_-video_1525-mp4-_f_685_jpg.rf.31466d4196d53fdc994e13d802656eca.jpg, 0, 0, 1, 0
c_70_v_-video_2178-mp4-_f_769_jpg.rf.32d41edadffc780bf0fc08ea1e0d1532.jpg, 1, 0, 0, 0
c_20_v_-video_539-mp4-_f_560_jpg.rf.328cde4a2b13f05b0b56594fcd39863f.jpg, 1, 0, 0, 0
c_52_v_-video_1656-mp4-_f_2711_jpg.rf.322a02ba6f94a65052675c39f1186c4b.jpg, 1, 0, 0, 0
c_34_v_-video_1099-mp4-_f_5_jpg.rf.326471e8b874b8c9e9948d600b3b248b.jpg, 1, 0, 0, 0
c_76_v_-video_2364-mp4-_f_25_jpg.rf.34ddd7696cd4fc22a36bb65e9b498285.jpg, 1, 0, 0, 0
c_7_v_-video_130-mp4-_f_986_jpg.rf.32d78d811eeda60c96485c3c4f50a9d9.jpg, 1, 0, 0, 0
c_141_v_-video_4257-mp4-_f_272_jpg.rf.36a7417d02173ba6e4c0d1f531e36597.jpg, 1, 0, 0, 0
c_44_v_-video_1373-mp4-_f_201_jpg.rf.370f552f17f9f820ada8f5f7b8455e73.jpg, 0, 1, 0, 0
c_149_v_-video_4479-mp4-_f_1577_jpg.rf.359627e39bc44ae42377848d29e608af.jpg, 1, 0, 0, 0
c_41_v_-video_1297-mp4-_f_140_jpg.rf.3539aed9c6461b0c63804829b1e70224.jpg, 0, 0, 1, 0
c_65_v_-video_2087-mp4-_f_1648_jpg.rf.344a25319b4afb123ccebc971981670a.jpg, 1, 0, 0, 0
c_28_v_-video_903-mp4-_f_1761_jpg.rf.34c70857dbe3f0d9bc8b337d4ed6d8ff.jpg, 1, 0, 0, 0
c_141_v_-video_4299-mp4-_f_29_jpg.rf.376751a592a42ced3d327f90d73faa33.jpg, 1, 0, 0, 0
c_46_v_-video_1405-mp4-_f_36_jpg.rf.3780586e853fabc55f7c3a6f55ad0e58.jpg, 0, 1, 0, 0
c_144_v_-video_4371-mp4-_f_872_jpg.rf.3729b6de5696a427bf5d86aab90a3ef4.jpg, 0, 1, 0, 0
c_3_v_-video_29-mp4-_f_443_jpg.rf.39212275f81ca8fe91f140619a7615ac.jpg, 0, 1, 0, 0
c_33_v_-video_1058-mp4-_f_1254_jpg.rf.377f3085f29a16f27d1f6a6caea21ed3.jpg, 0, 0, 1, 0
c_93_v_-video_2846-mp4-_f_54_jpg.rf.396b53af3c0e62b0fafcdbcc3385b604.jpg, 0, 1, 0, 0
c_7_v_-video_130-mp4-_f_1233_jpg.rf.3ba59fdf971707573e5edfa1a1eab366.jpg, 0, 0, 0, 1
c_42_v_-video_1322-mp4-_f_624_jpg.rf.380820e1c454d0e70947f58ebe2c329c.jpg, 0, 1, 0, 0
c_46_v_-video_1406-mp4-_f_81_jpg.rf.3a0420acf124470063d5edb3936178dd.jpg, 0, 1, 0, 0
c_99_v_-video_2998-mp4-_f_256_jpg.rf.3b5f08b299ce346b7cc1b90693c37ed6.jpg, 0, 0, 1, 0
c_42_v_-video_1322-mp4-_f_471_jpg.rf.387cdb62d338b0db20ad8b1cb7ea8e5d.jpg, 0, 1, 0, 0
c_42_v_-video_1320-mp4-_f_653_jpg.rf.3aa4d24e24a5b2c674e6ceca4c775d05.jpg, 1, 0, 1, 0
c_77_v_-video_2376-mp4-_f_817_jpg.rf.3baf0121d8c3ba0ea4bdb761efd59111.jpg, 1, 0, 0, 0
c_141_v_-video_4253-mp4-_f_205_jpg.rf.3cd79cf642692e056eacd5de8c3bd147.jpg, 0, 0, 1, 0
c_43_v_-video_1366-mp4-_f_0_jpg.rf.3ce5e77a4c4566565b2e3d3c3adf33db.jpg, 0, 0, 1, 0
c_61_v_-video_1991-mp4-_f_83_jpg.rf.3bbabfe2f32c56ac911f5f09fca0c729.jpg, 0, 1, 0, 0
c_120_v_-video_3598-mp4-_f_713_jpg.rf.3cf017ec412ce8529919a7a2b41bab69.jpg, 1, 0, 0, 0
c_60_v_-video_1946-mp4-_f_1754_jpg.rf.3d0710cd3a0f5ac254459e32ac25f6c7.jpg, 1, 0, 0, 0
c_135_v_-video_4058-mp4-_f_1_jpg.rf.3df50c8756b25feecfcdc055ac6bbf21.jpg, 0, 1, 0, 0
c_22_v_-video_634-mp4-_f_22_jpg.rf.3c4781790904e9f3e12b9dca963b4835.jpg, 1, 0, 0, 0
c_42_v_-video_1320-mp4-_f_653_jpg.rf.3cff32d6a0303243f7634e690206c8db.jpg, 1, 0, 1, 0
c_21_v_-video_607-mp4-_f_46_jpg.rf.3ea95ac1b1a62c90192c5fe0f069fa63.jpg, 0, 0, 0, 1
c_33_v_-video_1058-mp4-_f_1254_jpg.rf.3d5360877c0662ffeb1d80a7413e4279.jpg, 0, 0, 1, 0
c_40_v_-video_1281-mp4-_f_262_jpg.rf.3cf682f9308d1176a56d5603c5677e03.jpg, 0, 0, 1, 0
c_25_v_-video_774-mp4-_f_1246_jpg.rf.3e870b2414d447bc3b4e21026ff8f69f.jpg, 0, 0, 0, 1
c_77_v_-video_2383-mp4-_f_54_jpg.rf.40732696caafc9654eba6a729b45ecb5.jpg, 1, 0, 0, 0
c_72_v_-video_2199-mp4-_f_0_jpg.rf.3ef58741e9618355b38c2ee3c5c3cb7a.jpg, 0, 0, 0, 1
c_43_v_-video_1363-mp4-_f_778_jpg.rf.3dd153d3f9b1c2bb6168e0f09b9bc401.jpg, 0, 1, 0, 0
c_165_v_-video_5046-mp4-_f_962_jpg.rf.40ffe5dadbd4083417029e5ab29f4d1f.jpg, 1, 0, 0, 0
c_20_v_-video_539-mp4-_f_16_jpg.rf.41b9afd3bceb7bdd2f51190c2aa447d7.jpg, 1, 0, 0, 0
c_43_v_-video_1363-mp4-_f_778_jpg.rf.413bc85358fca500b2a1682fb2235769.jpg, 0, 1, 0, 0
c_9_v_-video_172-mp4-_f_0_jpg.rf.3f9be6a55292d25c89491c80bddffa91.jpg, 1, 0, 0, 0
c_76_v_-video_2330-mp4-_f_161_jpg.rf.4270ec4a4d9c249b167c3898742eb185.jpg, 0, 0, 1, 0
c_28_v_-video_934-mp4-_f_288_jpg.rf.41dc3366ec1f80332f843006a49d8a68.jpg, 0, 0, 1, 0
c_174_v_-video_5312-mp4-_f_1319_jpg.rf.423238e7482690e47b8127d5fe1f9fca.jpg, 1, 0, 0, 0
c_24_v_-video_693-mp4-_f_1495_jpg.rf.432ebda0a820f29443f5595a9c488b2e.jpg, 1, 0, 0, 0
c_12_v_-video_368-mp4-_f_261_jpg.rf.43bd3ff98c1e668a67ebe220f5ec7559.jpg, 1, 0, 0, 0
c_28_v_-video_905-mp4-_f_53_jpg.rf.427ea9710d723a037bd7c62a65e67d45.jpg, 0, 0, 0, 1
c_102_v_-video_3119-mp4-_f_185_jpg.rf.44b84a47452a5f5275f8752151ba133c.jpg, 1, 0, 0, 0
c_8_v_-video_148-mp4-_f_164_jpg.rf.4627556c1097e00e86eb7fcbf198cd85.jpg, 1, 0, 0, 0
c_49_v_-video_1561-mp4-_f_202_jpg.rf.459d7cd3bbdde2d223b18cc846ca631c.jpg, 1, 0, 0, 0
c_59_v_-video_1898-mp4-_f_917_jpg.rf.459670cedc0ef7295473fc141077c3da.jpg, 1, 0, 0, 0
c_87_v_-video_2641-mp4-_f_163_jpg.rf.46cfbd9242a8e90d79b6a556018fba47.jpg, 0, 1, 0, 0
c_173_v_-video_5306-mp4-_f_20_jpg.rf.4496fe202a9f702a04920f216eab98f0.jpg, 1, 0, 0, 0
c_121_v_-video_3630-mp4-_f_37_jpg.rf.46dce6b808e636b8515bd293306d727e.jpg, 0, 0, 1, 0
c_59_v_-video_1898-mp4-_f_1838_jpg.rf.462af93443a8e4edaf341c6e698c638b.jpg, 1, 0, 0, 0
c_165_v_-video_5046-mp4-_f_962_jpg.rf.46ac20beb37bbd570d6b81a0adf736e6.jpg, 1, 0, 0, 0
c_46_v_-video_1406-mp4-_f_426_jpg.rf.448677b39ee4d3e0ce58942f54604ea3.jpg, 1, 0, 0, 0
c_17_v_-video_481-mp4-_f_1292_jpg.rf.43f74b1d180c03b58d451bb7af94434d.jpg, 0, 1, 0, 0